#,include,lang,id,plot color,lang color,boxskip,treeskip,plotskip,doubt,complex,language,script,term,script alt,term alt,IPA,literal,meaning_id,meaning,explanation,remark,etymons,cognates,derivates,compare,note,loanword,donor,date,century,period,based on,att page,attested,att link,source page,source,source link,ref page,reference,ref link,ref page2,reference2,ref link2,done,,,
1,no,la,tester,red,,,,,,,A,тест,test,алт,alt,,literal,meaning,meaning,explanation,remark,,cognates,derivates,,a note,yes,,1300,14,,,,,,test1,oed,https://www.oed.com/view/Entry/199677,test1,oed,https://www.oed.com/view/Entry/199677,,,,,,,
2,no,la,tester,,,,,,,complex,B,тесте,teste,алте,alt,,literal,id.,meaning,explanation,remark,,cognates,derivates,,a note,,yes,1100,12,,,,,,test2,oed,https://www.oed.com/view/Entry/199677,test2,oed,https://www.oed.com/view/Entry/199677,,,,,,,
3,no,la,tester,,,,,,,,C,тестум,testum,алтер,alt,,literal,id.,meaning,explanation,remark,,cognates,derivates,,a note,,,900,10,,,,,,test2,oed,https://www.oed.com/view/Entry/199677,test2,oed,https://www.oed.com/view/Entry/199677,,,,,,,
,,,,,,,,,,,,,,,,,,,,,,,,,,,,,,,,,,,,,,,,,,,,,,,,
1,yes,en,allspice,gray,,,,yes,,,English,,allspice,,,,,,,"from \textit{all} + \textit{spice}; after the flavour profile that resembles the combined aroma of cloves, nutmeg, cinnamon, and black pepper",,,,,,"Etymology: < French anis < Latin anīsum , < Greek ἄνῑσον , in var. dialect forms ἄνησον , ἄνηθον , ἄνητον , under which the Greeks seem to have included the two plants Anise and Dill. When these were discriminated, the variants anīsum and anēthum were utilized in Latin to distinguish them",no,,1621,17,,,,,,allspice,oed,,,oed,https://www.oed.com/view/Entry/5494,,OE,https://www.etymonline.com/word/allspice#etymonline_v_8186,yes,,,
,,,,,,,,,,,,,,,,,,,,,,,,,,,,,,,,,,,,,,,,,,,,,,,,
1,yes,ar,fulful ifranji,gray,,,,,,,Arabic,فلفل إفرنجي,fulful ifranjī,,,,European pepper,allspice,allspice,"literally `Frankish pepper', named so because it was transmitted by Europeans",,,,,,,no,,1700?,18?,Early Modern,,,,,,baalbaki_-mawrid_1995,,,,,,,,yes,,,
,,,,,,,,,,,,,,,,,,,,,,,,,,,,,,,,,,,,,,,,,,,,,,,,
1,yes,zh,duoxiangguo,gray,,,,,,,Mandarin Chinese,多香果,duōxiāngguǒ,,,,many-spice-fruit,allspice,allspice,semantic translation,,,,,,,yes,,1900?,20?,Modern,,,?,,,mdbg,,,,,,,,yes,,,
2,yes,zh,duoxiangguo,,,,,,,,English,,allspice,,,,,id.,allspice,"from \textit{all} + \textit{spice}; after the flavour profile that resembles the combined aroma of cloves, nutmeg, cinnamon, and black pepper",,,,,,,no,yes,1621,17,,,,,,,,,,,,,,,,,,
,,,,,,,,,,,,,,,,,,,,,,,,,,,,,,,,,,,,,,,,,,,,,,,,
1,yes,en,pimento,gray,,,,,,,English,,pimento,,,,,allspice; sweet pepper,allspice; sweet pepper,,,,,,,,yes,,c1660,17,,,,,,pimento,oed,https://www.oed.com/view/Entry/143999?,pimento,oed,https://www.oed.com/view/Entry/143999?,,OE,https://www.etymonline.com/word/pimento#etymonline_v_14997,yes,,,
2,yes,en,pimento,,,,,,,partly,Portuguese,,pimenta,,more fully \textit{pimenta da Jamaica},,,allspice; sweet pepper; black pepper,allspice; sweet pepper; black pepper,,,,,,,,,yes,,15,,,,,,pimento,oed,https://www.oed.com/view/Entry/143999?,pimento,oed,https://www.oed.com/view/Entry/143999?,,,,yes,,,
3,yes,en,pimento,,,,,,,and partly,Spanish,,pimiento,,,,,hot and sweet pepper; formerly also black pepper; pepper plant of both kinds,hot and sweet pepper; formerly also black pepper; pepper plant of both kinds,earlier \textit{pimienta} `black pepper; peppercorn; ground pepper' \nth{13} c.,,,,,,,,yes,1495,15,,,,,,pimiento,oed,https://www.oed.com/view/Entry/144002?,pimiento,DLE,https://dle.rae.es/pimienta?m=form,,DLE,https://dle.rae.es/pimiento?m=form,yes,,,
4,yes,en,pimento,,,,,,,,Medieval Latin,,pigmenta,,,,,plant juice; food seasoning; condiment; spices; perfumes,plant juice; food seasoning; condiment; spices; perfumes,plural of \textit{pigmentum},,,,,,,,,,9,,,,,,,[415]{gomez_de_silva_elseviers_1985}[495]{corominas_breve_1987},,,LS,http://www.perseus.tufts.edu/hopper/text?doc=Perseus%3Atext%3A1999.04.0059%3Aentry%3Dpigmentum,,,,yes,,,
5,yes,en,pimento,,,,,,,,Latin,,pigmentum,,,,,"colour, paint; ointment; drug; spiced wine","colour, paint; ointment; drug; spiced wine",from \textit{pingō} `to paint' + \textit{-mentum} `instrument',,,,,,,,,,1,,,,,,pigmentum,lewis_latin_1879,http://www.perseus.tufts.edu/hopper/text?doc=Perseus%3Atext%3A1999.04.0059%3Aentry%3Dpigmentum,,LS,http://www.perseus.tufts.edu/hopper/text?doc=Perseus%3Atext%3A1999.04.0059%3Aentry%3Dpigmentum,,,,yes,,,
,,,,,,,,,,,,,,,,,,,,,,,,,,,,,,,,,,,,,,,,,,,,,,,,
1,yes,en,anise,darkseagreen,,,,,,,English,,anise,,,,,,,,,,,,,,yes,,c1325,14,,,,,,,[anise]{oed}[anise]{ahd},https://www.oed.com/view/Entry/7811,,oed,https://www.oed.com/view/Entry/7811?,,OE,https://www.etymonline.com/word/anise,yes,,,
2,yes,en,anise,,,,,,,,French,,anis,,,,,id.,anise,,,,,,,,yes,yes,1236,13,,,,,,anis,tlfi,https://www.cnrtl.fr/etymologie/anis,,tlfi,https://www.cnrtl.fr/etymologie/anis,,,,yes,,,
3,yes,en,anise,,,,,,,,Latin,,anīsum,,,,,id.,anise,,dill is \textit{anēthum},,,,,,yes,yes,,1,,,,,,,lewis_latin_1879,http://www.perseus.tufts.edu/hopper/text?doc=Perseus%3Atext%3A1999.04.0059%3Aentry%3Danisum,,lewis_latin_1879,http://www.perseus.tufts.edu/hopper/text?doc=Perseus%3Atext%3A1999.04.0059%3Aentry%3Danisum,,LS,http://www.perseus.tufts.edu/hopper/text?doc=Perseus%3Atext%3A1999.04.0059%3Aentry%3Danethum,yes,,,
4,yes,en,anise,,,,,,,,Ancient Greek,ἄνισον,ánison,ἄνηθον; ἄνησον; ἄνητον,ánēthon; ánēson; ánēton,,,anise; dill,anise; dill,"and other Greek dialectal variants, e.g.: \textit{ánēthon}; included both plants, only later distinguished",probaby of substrate origin,,,,,,yes,yes,,-5,,,,,,,liddell_greek-english_1940,http://www.perseus.tufts.edu/hopper/text?doc=Perseus:text:1999.04.0057:entry=a)/nnhson,,liddell_greek-english_1940,http://www.perseus.tufts.edu/hopper/text?doc=Perseus:text:1999.04.0057:entry=a)/nnhson,,LSJ,http://www.perseus.tufts.edu/hopper/text?doc=Perseus%3Atext%3A1999.04.0057%3Aentry%3Da)%2Fnhqon,yes,,,
5,yes,en,anise,,,,,,yes,,Egyptian (Ancient),,jnst,,,,,"a medicinal, edible plant (probably anise)","a medicinal, edible plant (probably anise)",,,,,,,,,yes,,-17,Middle Kingdom,,,,,,[99]{erman_worterbuch_1926}[240]{hemmerdinger_noms_1968},,,ahd,https://www.ahdictionary.com/word/search.html?q=anise,,Wiki,https://en.wiktionary.org/wiki/jnst#Egyptian,yes,,,
,,,,,,,,,,,,,,,,,,,,,,,,,,,,,,,,,,,,,,,,,,,,,,,,
1,yes,ar,anisun,darkseagreen,,,,,,,Arabic,أنيسون,anīsūn,يانسون,yānsūn,,,anise,anise,,later assimilated as \ar{يانسون} \textit{yānsūn},,,,,,yes,,a791,8,,KSUCCA,,,,,wehr_dictionary_1976,,,,,,,,yes,,,
2,yes,ar,anisun,,,,,,,,Ancient Greek,ἄνισον,ánison,ἄνηθον; ἄνησον; ἄνητον,ánēthon; ánēson; ánēton,,,anise; dill,anise; dill,"and other Greek dialectal variants, e.g.: \textit{ánēthon}; included both plants, only later distinguished",probaby of substrate origin,,,,,,yes,yes,,-5,,,,,,,liddell_greek-english_1940,,,liddell_greek-english_1940,http://www.perseus.tufts.edu/hopper/text?doc=Perseus:text:1999.04.0057:entry=a)/nnhson,,LSJ,http://www.perseus.tufts.edu/hopper/text?doc=Perseus%3Atext%3A1999.04.0057%3Aentry%3Da)%2Fnhqon,yes,,,
3,yes,ar,anisun,,,,,,yes,,Egyptian (Ancient),,jnst,,,,,"a medicinal, edible plant (probably anise)","a medicinal, edible plant (probably anise)",,,,,,,,,yes,c2030-1650 BC,-17,Middle Kingdom,,,,,,[99]{erman_worterbuch_1926}[240]{hemmerdinger_noms_1968},,,ahd,https://www.ahdictionary.com/word/search.html?q=anise,,Wiki,https://en.wiktionary.org/wiki/jnst#Egyptian,yes,,,
,,,,,,,,,,,,,,,,,,,,,,,,,,,,,,,,,,,,,,,,,,,,,,,,
1,yes,zh,huiqin,darkseagreen,,,,,,,Mandarin Chinese,茴芹,huíqín,,,,hui-celery,anise,anise,from \textit{hui} `anise/fennel' + \textit{qin} `celery',"茴 \textit{huí} could be interpreted as `Muslim spice', see 茴香 \textit{huíxiāng} `fennel'",,,,,,,,1841,19,Modern,Books,,,https://books.google.com.hk/books?id=I46RwQP667QC&pg=PA715&dq=%22%E8%8C%B4%E8%8A%B9%22&hl=en&sa=X&ved=2ahUKEwiZm5mBmJb5AhUF_mEKHdTADd8Q6AF6BAgEEAI#v=onepage&q=%22%E8%8C%B4%E8%8A%B9%22&f=false,,"kleeman_oxford_2010, hu_food_2005",,,,,,,,yes,,,
,,,,,,,,,,,,,,,,,,,,,,,,,,,,,,,,,,,,,,,,,,,,,,,,
1,yes,en,asafoetida,gold,e1,,,,,,English,,asafoetida,,assafœtida,,,,,,,,,,,,yes,,a1398,14,Medieval,,,,,asafoetida,oed,https://www.oed.com/view/Entry/11311,asafoetida,oed,https://www.oed.com/view/Entry/11311,,OE,https://www.etymonline.com/word/asafetida,yes,,,
2,yes,en,asafoetida,,,,,,,,Medieval Latin,,asafoetida,,asafœtida,,stinking asa,,,,,,,,,Laufer disagrees,,yes,,,Medieval,,,,,353,laufer_sino-iranica_1919,http://dsr.nii.ac.jp/toyobunko/III-5-C-22/V-1/page-hr/0179.html.en,353,laufer_sino-iranica_1919,http://dsr.nii.ac.jp/toyobunko/III-5-C-22/V-1/page-hr/0179.html.en,,,,yes,,,
3,yes,en,asafoetida,,,,,,yes,from,Persian,,āzā,,,,,mastic,mastic,"in a Lanized form, \textit{asa}",,,,,,,,,,,,,,,,42,steingass_comprehensive_1892,,,,,,,,yes,,,
4,yes,en,asafoetida,,,,,yes,,and from,Latin,,foetid,,fœtid,,,"ill-smelling, stinking","ill-smelling, stinking",,feminine of \textit{fœtidus},,,,,"there is also assa dulcis, check Lane",,,,,,,,,,,,,,,,,,,yes,,,
,,,,,,,,,,,,,,,,,,,,,,,,,,,,,,,,,,,,,,,,,,,,,,,,
1,yes,en,hing,gold,e2,,,,,,English,,hing,,hinge,,,asafoetida,asafoetida,,,,,,,,yes,,1599,16,,,,,,hing,oed,https://www.oed.com/view/Entry/87092,,oed,https://www.oed.com/view/Entry/87092,,,,yes,,,
2,yes,en,hing,,,,,,,,Hindi,हींग,hīng,,,,,id.,asafoetida,,,,,,,,,yes,,,,,,,,hing,oed,https://www.oed.com/view/Entry/87092,,,,,,,yes,,,
3,yes,en,hing,,,yes,yes,yes,,,Sauraseni Prakrit,𑀳𑀺𑀁𑀕𑀼,hiṃgu,,,,,id.,asafoetida,,,,,,,,,,,,,,,,,,Wiktionary,,,,,,,,yes,,,
4,yes,en,hing,,,,,,,,Sanskrit,हिङ्गु,hiṅgu,,,,,id.,asafoetida,,,,Sogdian 'ynkw,,,,,,,,,,,,,87,gharib_sogdian_1995,https://archive.org/details/SogdianDictionary/page/n152/mode/1up?view=theater,1298,MW,https://www.sanskrit-lexicon.uni-koeln.de/scans/MWScan/2014/web/webtc/servepdf.php?page=1298,,,,yes,,,
5,yes,en,hing,,,yes,yes,yes,,,Proto-Iranian*,,*Hángwr̥,,,,,"extract, resin","extract, resin",,"with an unexpected shift from *a to i, from the derivation *Hanguǰatu of which Iranian terms for asafoetida derive. cf. anjudan",,,,,,,,,,,,,,,87,gharib_sogdian_1995,https://archive.org/details/SogdianDictionary/page/n152/mode/1up?view=theater,87,gharib_sogdian_1995,https://archive.org/details/SogdianDictionary/page/n152/mode/1up?view=theater,,,,yes,,,
6,yes,en,hing,,,,,,,,Proto-Iranian*,,*aṅgu-ǰatu-,,,,,resin-gum,resin-gum,,,,,"Tokharian B, Khotanese",,,,,,,,,,,,7,adams_dictionary_2013,,,,https://en.wiktionary.org/wiki/Reconstruction:Proto-Iranian/Hangu%C7%B0atu,,,,yes,,,
,,,,,,,,,,,,,,,,,,,,,,,,,,,,,,,,,,,,,,,,,,,,,,,,
1,yes,ar,hiltit,gold,a1,,,,,,Arabic,حلتيت,ḥiltīt,حلتيث,"ḥaltīt, ḥiltīth",,,asafoetida resin,asafoetida resin,,,,Hebrew \he{חִלְתִּית} \textit{ḥiltiṯ},,,,yes,,,,,,,,,140,fraenkel_aramaischen_1886,https://archive.org/details/diearamischenfr00fraegoog?view=theater#page/n170,79-80,lane_arabic-english_1863,http://arabiclexicon.hawramani.com/?p=1200#72b195,,,,yes,,,
2,yes,ar,hiltit,,,,,,,,Aramaic,\he{חלתיתא}/\sy{ܚܠܬܝܬܐ},ḥeltīṯā,,,,,id.,id.,,,,,,,,,yes,,,,,,,,,"[36]{low_aramaeische_1881}[vol. 3, p. 452-455]{low_flora_1924}",https://menadoc.bibliothek.uni-halle.de/ssg/content/pageview/591438,36,low_aramaeische_1881,https://menadoc.bibliothek.uni-halle.de/ssg/content/pageview/591438,,,https://sammlungen.ub.uni-frankfurt.de/freimann/content/pageview/104191,yes,,,
,,,,,,,,,,,,,,,,,,,,,,,,,,,,,,,,,,,,,,,,,,,,,,,,
1,yes,ar,anjudan,gold,a2,,,,,,Arabic,أنجدان,anjudān,أنجذان,anjudhān,,,,,,,,,,,,yes,,,,,,,,,79-80,lane_arabic-english_1863,,79-80,lane_arabic-english_1863,http://arabiclexicon.hawramani.com/?p=1200#72b195,,,,yes,,,
2,yes,ar,anjudan,,,,,,,,Persian,انگدان‎,angudān,,…,,,,,,,,,,,,,yes,,,,,,,,"114, 106",steingass_comprehensive_1892,,"114, 106",steingass_comprehensive_1892,https://dsal.uchicago.edu/cgi-bin/app/steingass_query.py?qs=%D8%A7%D9%86%DA%AF%D8%AF%D8%A7%D9%86%E2%80%8E&matchtype=default,,,,yes,,,
3,yes,ar,anjudan,,,,,,,,Proto-Iranian*,,*aṅgu-ǰatu-,,,,,resin-gum,resin-gum,,,,,"Tokharian B, Khotanese",,,,,,,,,,,,7,adams_dictionary_2013,,,Wiktionary,https://en.wiktionary.org/wiki/Reconstruction:Proto-Iranian/Hangu%C7%B0atu,,,,yes,,,
,,,,,,,,,,,,,,,,,,,,,,,,,,,,,,,,,,,,,,,,,,,,,,,,
1,yes,zh,awei,gold,z1,,,,,,Mandarin Chinese,阿魏,āwèi,,,MC /ʔɑ ŋʉiH/,,asafoetida,asafoetida,,,,,,,"in BCGM, ayü (阿虞), xingyu (xingqu, 興渠[瞿], hing-yu, 形虞), and haxini (哈昔尼)",yes,,,7,,,,,,,leung_itinerary_2019,,,,,,,,yes,,,
2,yes,zh,awei,,,,,,,,Tokharian B,,ankwaṣ(ṭ),,,,,id.,asafoetida,,,,,,,,,yes,,,,,,,,353,laufer_sino-iranica_1919,,7,adams_dictionary_2013,,,,,yes,,,
3,yes,zh,awei,,,,,,,,Sogdian,,*angužat,,,,,id.,asafoetida,,,,,,,,,,,,,,,,,438,tremblay_irano-tocharica_2005,,438,tremblay_irano-tocharica_2005,,,,,yes,,,
4,yes,zh,awei,,,,,,,,Proto-Iranian*,,*aṅgu-ǰatu-,,,,,resin-gum,resin-gum,,,,,,,,,,,,,,,,,,,,7,adams_dictionary_2013,https://en.wiktionary.org/wiki/Reconstruction:Proto-Iranian/Hangu%C7%B0atu,,,,yes,,,
,,,,,,,,,,,,,,,,,,,,,,,,,,,,,,,,,,,,,,,,,,,,,,,,
1,yes,zh,xingqu,gold,z2,,,,,,Mandarin Chinese,興蕖/興渠/興瞿,xīngqú,,,MC /hɨŋ ɡɨʌ/,,asafoetida,asafoetida,phonetic transcription,,,,,,"just the word, without the material",yes,,,5,,,,,,,leung_itinerary_2019,,,,,,,,yes,,,
2,yes,zh,xingqu,,,,,,,,Sanskrit,हिङ्गु,hiṅgu,,,,,id.,asafoetida,,,,,,,,yes,yes,,,,,,,,353,laufer_sino-iranica_1919,,,,,,,,yes,,,
3,yes,zh,xingqu,,,,,,,,Proto-Iranian*,,*aṅgu-ǰatu-,,,,,resin-gum,resin-gum,,,,,"Tokharian B, Khotanese",,,,yes,,,,,,,,7,adams_dictionary_2013,,,,https://en.wiktionary.org/wiki/Reconstruction:Proto-Iranian/Hangu%C7%B0atu,,,,yes,,,
,,,,,,,,,,,,,,,,,,,,,,,,,,,,,,,,,,,,,,,,,,,,,,,,
1,yes,en,caraway,peru,e1,,,,,,English,,caraway,,,,,,caraway,,,,,,,,yes,,c1440,15,,,,,,caraway,oed,https://www.oed.com/view/Entry/27725,,,,,,,yes,,,
2,yes,en,caraway,,,,,,,,Medieval Latin,,carui,,,,,id.,caraway,or some allied Romanic form,,,"French \textit{carvi}, Italian \textit{carvi}, Spanish \textit{carvi}; Old Spanish \textit{alcaravea}, \textit{alcarahueya}, Portuguese \textit{alcaravia}, \textit{alcorovia}",,,,yes,yes,c1080,11,,,,,,caraway,ahd,https://www.ahdictionary.com/word/search.html?q=caraway,,,,,,,yes,,,
3,yes,en,caraway,,,,,,,,Arabic,كراويا,karāwiyā,كروياء,karawyā',,,id.,caraway,,"loaned to some Eurropean languages with \textit{al-} definite article, via Andalusian Arabic",,,,,,yes,yes,,,,,,,,,[74]{corriente_dictionary_2008}[carvi]{tlfi},,,,,,,,yes,,,
4,yes,en,caraway,,,,,,,,Aramaic,\he{כַרְוָיָא}/\sy{ܟܲܪܘܵܝܵܐ},karwāyā,,,,,id.,caraway,,,,,,,,yes,yes,,,,,,,,,[207]{low_aramaeische_1881}[437-438]{low_flora_1924},,cal,,https://cal.huc.edu/oneentry.php?lemma=krwy+N&cits=all,,,,yes,,,
5,yes,en,caraway,,,,,,,,Ancient Greek,καρώ,karṓ,κάρον; κάρεον,káron; káreon,,,id.,caraway,"a form of the word \textit{káron}, derived from \textit{káre} `head'; -ṓ form seems Pre-Greek","these forms could not immediately give the Arabic, hence possibly via *καρυΐα \textit{*karuḯa} a typical plant derivation form of καρώ \textit{karṓ}, κάρον \textit{káron}",,"Latin \textit{carum, careum}",,,,,yes,,,,,,,,,[653]{beekes_etymological_2010}[599]{sokoloff_dictionary_2002},http://www.perseus.tufts.edu/hopper/text?doc=Perseus:text:1999.04.0057:entry=ka/ri&highlight=caraway,,liddell_greek-english_1940,http://www.perseus.tufts.edu/hopper/text?doc=Perseus:text:1999.04.0057:entry=ka/ri&highlight=caraway,,,,yes,,,
,,,,,,,,,,,,,,,,,,,,,,,,,,,,,,,,,,,,,,,,,,,,,,,,
1,yes,ar,karawiya,peru,a1,,,,,,Arabic,,karawiyā,,karwiyā,,,caraway,caraway,,loaned to some Eurropean languages with \textit{al-} definite article; via Andalusian Arabic,,,,,,yes,,,,,,,,,74,corriente_dictionary_2008,,,,,,,,yes,,,
2,yes,ar,karawiya,,,,,,,,Aramaic,\he{כַרְוָיָא‎}/\sy{ܟܲܪܘܵܝܵܐ},karwāyā,,,,,id.,caraway,,,,,,,,yes,yes,,,,,,,,,[207]{low_aramaeische_1881}[437-438]{low_flora_1924},,cal,,https://cal.huc.edu/oneentry.php?lemma=krwy+N&cits=all,,,,yes,,,
3,yes,ar,karawiya,,,,,,,,Ancient Greek,καρώ,karṓ,κάρον; κάρεον,káron; káreon,,,id.,caraway,"a form of the word \textit{káron}, derived from \textit{káre} `head'; -ṓ form seems Pre-Greek","these forms could not immediately give the Arabic, hence possibly via *καρυΐα \textit{*karuḯa} a typical plant derivation form of καρώ \textit{karṓ}, κάρον \textit{káron}",,"Latin \textit{carum, careum}",,,,,yes,,,,,,,,,[653]{beekes_etymological_2010}[599]{sokoloff_dictionary_2002},http://www.perseus.tufts.edu/hopper/text?doc=Perseus:text:1999.04.0057:entry=ka/ri&highlight=caraway,,liddell_greek-english_1940,http://www.perseus.tufts.edu/hopper/text?doc=Perseus:text:1999.04.0057:entry=ka/ri&highlight=caraway,,,,yes,,,
,,,,,,,,,,,,,,,,,,,,,,,,,,,,,,,,,,,,,,,,,,,,,,,,
1,yes,zh,geluzi,peru,z1,,,,,,Mandarin Chinese,葛縷子,gě​lǚ​zi,,,,bean-hemp-seed?,caraway,caraway,phono-semantic matching; see \textit{shilo} `cumin and caraway',,,,,,,yes,,,19?,Modern,,,,,100,kleeman_oxford_2010,,,,,,,,yes,,,
2,yes,zh,geluzi,,,,,,,,Japanese,葛縷子,karyuushi,,,,,caraway,caraway,"probably a transcription of Latin \textit{Carui}, or English \textit{caraway} + \textit{zi}",also キャラウェイ \textit{kyarawei} and 姫茴香 [princess-fennel-spice],,,,,,yes,yes,1822,19,Modern,,,,,,,https://www.google.com/search?q=%22%E8%91%9B%E7%B8%B7%E5%AD%90%22&biw=1280&bih=577&tbs=cdr%3A1%2Ccd_min%3A1%2F1%2F1700%2Ccd_max%3A12%2F31%2F1850&tbm=bks&sxsrf=ALiCzsZqfjrIjC8d0rBeXSyqUt2Uja4Rtg%3A1659444891561&ei=mx7pYpLFIevs2roPwP2h-AY&ved=0ahUKEwjS_qP6maj5AhVrtlYBHcB-CG8Q4dUDCAg&uact=5&oq=%22%E8%91%9B%E7%B8%B7%E5%AD%90%22&gs_lcp=Cg1nd3Mtd2l6LWJvb2tzEANQnARYjBFgtRNoAHAAeACAAUeIAb8BkgEBM5gBAKABAcABAQ&sclient=gws-wiz-books,,,,,,,,,,
3,yes,zh,geluzi,,,,,,yes,from,English,,caraway,,,,,,caraway,,,,,,,,yes,yes,c1440,15,,,,,,caraway,oed,https://www.oed.com/view/Entry/27725,,,,,,,yes,,,
4,yes,zh,geluzi,,,,,,,or from,Medieval Latin,,carui,,,,,id.,caraway,or some allied Romanic form,,,"French carvi, Italian carvi, Spanish carvi (whence Scots carvy, kervie), Old Spanish alcaravea, alcarahueya, Portuguese alcaravia, alcorovia",,,,yes,yes,,,,,,,,caraway,ahd,https://www.ahdictionary.com/word/search.html?q=caraway,,,,,,,yes,,,
5,yes,zh,geluzi,,,,,,,,Arabic,كراويا,karāwiyā,كروياء,karawyā',,,id.,caraway,,loaned to some Eurropean languages with \textit{al-} definite article; via Andalusian Arabic,,,,,,yes,yes,,,,,,,,74,corriente_dictionary_2008,,,,,,,,yes,,,
6,yes,zh,geluzi,,,,,,,,Aramaic,\he{כַרְוָיָא‎}/\sy{ܟܲܪܘܵܝܵܐ},karwāyā,,,,,id.,caraway,,,,,,,,yes,yes,,,,,,,,,[207]{low_aramaeische_1881}[437-438]{low_flora_1924},,cal,,https://cal.huc.edu/oneentry.php?lemma=krwy+N&cits=all,,,,yes,,,
7,yes,zh,geluzi,,,,,,,,Ancient Greek,καρώ,karṓ,κάρον; κάρεον,káron; káreon,,,id.,caraway,"a form of the word \textit{káron}, derived from \textit{káre} `head'; -ṓ form seems Pre-Greek","these forms could not immediately give the Arabic, hence possibly via *καρυΐα \textit{*karuḯa} a typical plant derivation form of καρώ \textit{karṓ}, κάρον \textit{káron}",,"Latin \textit{carum, careum}",,,,,yes,,,,,,,,,[653]{beekes_etymological_2010}[599]{sokoloff_dictionary_2002},http://www.perseus.tufts.edu/hopper/text?doc=Perseus:text:1999.04.0057:entry=ka/ri&highlight=caraway,,liddell_greek-english_1940,http://www.perseus.tufts.edu/hopper/text?doc=Perseus:text:1999.04.0057:entry=ka/ri&highlight=caraway,,,,yes,,,
,,,,,,,,,,,,,,,,,,,,,,,,,,,,,,,,,,,,,,,,,,,,,,,,
1,yes,en,cardamom,lightseagreen,e1,,,,,,English,,cardamom,,,,,,cardamom,,"via post-classical Latin \textit{cardimomum}, a. 1398",Middle English \textit{cardamome},,,,,yes,,?c1425,14,,,,,,cardamom,oed,https://www.oed.com/view/Entry/27836,cardamom,OE,https://www.etymonline.com/word/cardamom,cardamom,ahd,https://www.ahdictionary.com/word/search.html?q=cardamom,yes,,,
2,yes,en,cardamom,,,,,,,later also from,Old French,,cardemome,,,,,id.,cardamom,,,,,modern French \textit{cardamome},,,,yes,c1170,12,,,,,,cardamome,tlfi,https://www.cnrtl.fr/etymologie/cardamome,cardamome,tlfi,https://www.cnrtl.fr/etymologie/cardamome,,,,yes,,,
4,yes,en,cardamom,,,,,,,,Latin,,cardamōmum,,,,,id.,cardamom,,,,,,,,yes,,1,1,,,,,,cardamomum,lewis_latin_1879,http://www.perseus.tufts.edu/hopper/morph?l=card%C4%83m%C5%8Dmum&la=la&can=card%C4%83m%C5%8Dmum0#lexicon,cardamomum,LS,http://www.perseus.tufts.edu/hopper/morph?l=card%C4%83m%C5%8Dmum&la=la&can=card%C4%83m%C5%8Dmum0#lexicon,,,,yes,,,
5,yes,en,cardamom,,,,,,,,Hellenistic Greek,καρδάμωμον,kardámōmon,,,,,id.,cardamom,haplological \gr{κάρδαμ-} \textit{kárdam-} `cress' + \gr{ἄμωμον} \textit{ámōmon} `an Indian spice plant',,,,,,,,yes,-3,-3,,,,,,καρδάμωμον,liddell_greek-english_1940,http://www.perseus.tufts.edu/hopper/morph?l=karda%2Fmwmon&la=greek&can=karda%2Fmwmon0&prior=card%C4%83m%C5%8Dmum#lexicon,καρδάμωμον,LSJ,http://www.perseus.tufts.edu/hopper/morph?l=karda%2Fmwmon&la=greek&can=karda%2Fmwmon0&prior=card%C4%83m%C5%8Dmum#lexicon,,,,yes,,,
6,yes,en,cardamom,,,,,,,,Ancient Greek,κάρδαμον,kárdamon,,,,,garden cress \taxon{Lepidium sativum},garden cress \taxon{Lepidium sativum},prehaps a loanword,many plant names with \textit{-amon} are clear loanwords; the suffIx \textit{-amon} is known from Pre-Greek,,classical Latin \textit{cardamum},,,connected with Hittite \textit{karšani} `an alcalic plant',,,-4,-4,,,,,,κάρδαμον,liddell_greek-english_1940,http://www.perseus.tufts.edu/hopper/morph?l=ka%2Frdamon&la=greek&can=ka%2Frdamon0&prior=card%C4%83mum&d=Perseus:text:1999.04.0059:entry=cardamum&i=1#lexicon,κάρδαμον,LSJ,http://www.perseus.tufts.edu/hopper/morph?l=ka%2Frdamon&la=greek&can=ka%2Frdamon0&prior=card%C4%83mum&d=Perseus:text:1999.04.0059:entry=cardamum&i=1#lexicon,cardamum,LS,http://www.perseus.tufts.edu/hopper/morph?l=card%C4%83mum&la=la&can=card%C4%83mum0&d=Perseus:text:1999.04.0059:entry=cardamum&i=1#lexicon,yes,,,
7,yes,en,cardamom,,,,,,yes,,unknown,,*,,,,,,,,,,,,,,,,,,,,,,,644,beekes_etymological_2010,,644,beekes_etymological_2010,,,,,yes,,,
,,,,,,,,,,,,,,,,,,,,,,,,,,,,,,,,,,,,,,,,,,,,,,,,
1,yes,en,amomum,darkorchid,e2,,,,,,English,,amomum,,,,,"any of several spices of genus Amomum, family Zingiberaceae, including cardamom.","any of several spices of genus Amomum, family Zingiberaceae, including cardamom.","An odoriferous plant. The Amomum of the ancients not being certainly identified, the word was used with uncertain denotation by earlier writers;",,,,,,,yes,,a1398,14,,,,,,amomum,oed,https://www.oed.com/view/Entry/6523,amomum,oed,https://www.oed.com/view/Entry/6523,cardamom,ahd,https://www.ahdictionary.com/word/search.html?q=cardamom,yes,,,
2,yes,en,amomum,,,,,,,,Latin,,amomum,,,,,amomum and a balm containing this spice,amomum and a balm containing this spice,,,,,,,,yes,yes,,,,,,,,,lewis_latin_1879,http://www.perseus.tufts.edu/hopper/text?doc=Perseus:text:1999.04.0059:entry=amomum&highlight=amomum,,LS,http://www.perseus.tufts.edu/hopper/text?doc=Perseus:text:1999.04.0059:entry=amomum&highlight=amomum,,,,yes,,,
3,yes,en,amomum,,,,,,,,Ancient Greek,ἄμωμον,ámōmon,,,,,"an Indian spice-plant, black cardamom (Amomum subulatum)","an Indian spice-plant, black cardamom (Amomum subulatum)","an Oriental loanword, cf. κιννάμωμον",,,,,,,yes,yes,,,,,,,,,[]{liddell_greek-english_1940}[97]{beekes_etymological_2010},http://www.perseus.tufts.edu/hopper/text?doc=Perseus%3Atext%3A1999.04.0057%3Aentry%3Da)%2Fmwmon,,LSJ,http://www.perseus.tufts.edu/hopper/text?doc=Perseus%3Atext%3A1999.04.0057%3Aentry%3Da)%2Fmwmon,,,,yes,,,
4,yes,en,amomum,,,,,,,,Semitic*,,,,,,,id.,id.,,,,Classical Syriac \sy{ܚܡܵܡܵܐ} \textit{ḥəmāmā} → Arabic \ar{حماما} \textit{ḥamāmā}; Akkadian \textit{ḫamīmu},,,,,yes,,,,,,,,,"[169]{low_aramaeische_1881}[100]{lev_practical_2008}[vol. 6, p. 66]{roth_assyrian_2004}",,,,,,,,yes,,"[169]{low_aramaeische_1881}][100]{lev_practical_2008}[vol. 6, p. 66]{roth_assyrian_2004}",
,,,,,,,,,,,,,,,,,,,,,,,,,,,,,,,,,,,,,,,,,,,,,,,,
1,yes,ar,hal,lightseagreen,a1,,,,,,Arabic,هال,hāl,هيل,hayl,,,cardamom,cardamom,,,,,,,,yes,,,11,,,,,,1223,wehr_dictionary_1976,http://ejtaal.net/aa/#hw4=1236,1223,wehr_dictionary_1976,http://ejtaal.net/aa/#hw4=1236,,,,yes,,,
2,yes,ar,hal,,,,,,,,Persian,هیل,hil,,,,,the lesser cardamoms,the lesser cardamoms,,,,,,,,yes,yes,,,,,,,,1521,steingass_comprehensive_1892,https://dsal.uchicago.edu/cgi-bin/app/steingass_query.py?qs=%D9%87%D9%8A%D9%84&searchhws=yes&matchtype=exact,1521,steingass_comprehensive_1892,https://dsal.uchicago.edu/cgi-bin/app/steingass_query.py?qs=%D9%87%D9%8A%D9%84&searchhws=yes&matchtype=exact,,,,yes,,,
3,yes,ar,hal,,,,,,,,Sanskrit,एला,elā,,,,,id.,cardamom,,,,,,,,yes,yes,,,,,,,,104,dalby_dangerous_2000,,232,monier-williams_sanskrit-english_1899,https://www.sanskrit-lexicon.uni-koeln.de/scans/csl-apidev/servepdf.php?dict=MW&page=232,,,,yes,,,
4,yes,ar,hal,,,,,,,,Proto-Dravidian*,,*ēla,,,,,id.,cardamom,,,,,Tamil \textit{ēlam},,,,yes,,,,,,,,87,burrow_dravidian_1984,,,,,,,,yes,,,
,,,,,,,,,,,,,,,,,,,,,,,,,,,,,,,,,,,,,,,,,,,,,,,,
1,yes,ar,qaqulla,lightseagreen,a2,,,,,,Arabic,قاقلة,qāqulla,,,,,cardamom; black cardamom,cardamom; black cardamom,,,,,,,,,,,,,,,,,863,wehr_dictionary_1976,http://ejtaal.net/aa/#hw4=876,,,,,,,yes,,,
2,yes,ar,qaqulla,,,,,,,,Classical Syriac,{קָקוּלָא}/\sy{ܩܳܩܘܽܠܴܐ‎},qāqullā,,,,,cardamom,cardamom,,,,,,,,,,,,,,,,,"vol. 1, p. 489",low_flora_1924,,,,,,,,yes,,,
3,yes,ar,qaqulla,,,,,,,,Akkadian,\cu{𒋡𒄣𒌌𒇻𒊬} (qa-qu-ul-lu.SAR),qāqullu,,,,,cardamom,cardamom,,,,,,,,,,,,,,,,,58,zimmern_akkadische_1915,https://archive.org/details/akkadischefremdw00zimmuoft/page/58/mode/2up,,,,,,,yes,,,
4,yes,ar,qaqulla,,,,,,yes,,Sanskrit,"तक्कोल, कक्कोल","takkola, kakkola",,,,,plant with aromatic berry; the perfume made from it,plant with aromatic berry; the perfume made from it,,,,,Pali \textit{takkola}; Tibetan \ti{ཀ་ཀོ་ལ} \textit{kakola},,,,,,,,,,,,"431, 241",monier-williams_sanskrit-english_1899,https://www.sanskrit-lexicon.uni-koeln.de/scans/MWScan/2020/web/webtc2/index.php,,,,,,,yes,,,
,,,,,,,,,,,,,,,,,,,,,,,,,,,,,,,,,,,,,,,,,,,,,,,,
1,yes,zh,doukou,lightseagreen,z1,,,,,,Mandarin Chinese,\tc{豆蔻},dòukòu,,,MC /dəuH həuH/,bean-cardamom,cardamom,cardamom,compound of 豆 `bean(-like)' + \tc{蔻} `many; profusion' (BCGM); or phono-semantic matching,confused with nutmeg at first,,,,,,,,c863,9,,,,,,22,donkin_between_2003,,,mdbg,https://www.mdbg.net/chinese/dictionary?wdqr=%E8%B1%86%E8%94%BB&wdrst=1,,,,yes,,,
2,yes,zh,doukou,,,,,yes,yes,,Middle Chinese,多骨,duōgǔ,,,MC /tɑ kuət/,,round cardamom,round cardamom,,,,,,,,,,,9,,,,,,18:55,yyzz,https://ctext.org/wiki.pl?if=en&chapter=801324,,,,,,,yes,,,
3,yes,zh,doukou,,,,,,yes,,Pali,,takkola,,,,,"Bdellium, a perfume made from the berry of the kakkola plant","Bdellium, a perfume made from the berry of the kakkola plant",,,,,,,cf. Ptolemy's Takola,,,,-3,,,,,,292,pali_text_society_pali_1921,https://dsal.uchicago.edu/cgi-bin/app/pali_query.py?qs=takkola&matchtype=default,,,,,,,yes,,,
4,yes,zh,doukou,,,,,,yes,,Sanskrit,"तक्कोल, कक्कोल","takkola, kakkola",,,,,plant with aromatic berry; the perfume made from it,plant with aromatic berry; the perfume made from it,,,,,Pali \textit{takkola}; Tibetan \ti{ཀ་ཀོ་ལ} \textit{kakola}; Chinese 嘎哥拉 \textit{gágēlā},,,,,,,,,,,,"431, 241",monier-williams_sanskrit-english_1899,https://www.sanskrit-lexicon.uni-koeln.de/scans/MWScan/2020/web/webtc2/index.php,,,,,,,yes,,,
,,,,,,,,,,,,,,,,,,,,,,,,,,,,,,,,,,,,,,,,,,,,,,,,
1,yes,en,cassia,saddlebrown,e1,,,,,,English,,cassia,,,,,,,,,,,,,,yes,,c1000,16,,,,,,cassia,oed,,cassia,oed,https://www.oed.com/view/Entry/28492,,OE,https://www.etymonline.com/word/cassia,yes,,,
2,yes,en,cassia,,,,,,,,Latin,,casia,,cassia,,,id.,id.,,,,,,,,yes,yes,1,1,,,,,,,rosol_early_2018,,,LS,http://www.perseus.tufts.edu/hopper/morph?l=casia&la=la&can=casia0#lexicon,,,,yes,,,
3,yes,en,cassia,,,,,,,,Ancient Greek,κασία,kasía,,kassía,,,id.,id.,,,,,,,,yes,yes,-6,-6,,,,,,653,beekes_etymological_2010,,,LSJ,http://www.perseus.tufts.edu/hopper/morph?l=kasi%2Fa&la=greek&can=kasi%2Fa0#Perseus:text:1999.04.0057:entry=kasi/a-contents,,,,yes,,,
4,yes,en,cassia,,,,,,,,Ancient Hebrew,קְצִיעָה,qəṣîʿâ,קְצַע qātsaʿ,q'tsīʿāh,,,"a bark resembling cinnamon, but less aromatic, so called from being stripped off","a bark resembling cinnamon, but less aromatic, so called from being stripped off","from \textit{qṣaʿ} `to cut off, strip off bark'",hapax legomenon in the Bible; Ps. 45:9,,,,,,,yes,,,,,,,,589,klein_comprehensive_1987,,,ahd,https://www.ahdictionary.com/word/search.html?q=cassia,,SR,http://www.semiticroots.net/index.php?r=root/view&id=427,yes,,,
,,,,,,,,,,,,,,,,,,,,,,,,,,,,,,,,,,,,,,,,,,,,,,,,
1,yes,ar,salikha,saddlebrown,a1,,,,,,Arabic,سليخة,salīkha,,,,"peeled off, stripped off",cinnamon bark; cassia bark,cinnamon bark; cassia bark,"from salakha `to pull off, strip off; skin, flay'; Semitic root s-l-kh",,,*,,,,,,,,,,,,,491,wehr_dictionary_1976,"http://ejtaal.net/aa/#hw4=504,ll=1450,ls=5,la=2062,sg=522,ha=342,br=471,pr=79,aan=276,mgf=436,vi=194,kz=1131,mr=321,mn=648,uqw=791,umr=516,ums=438,umj=377,ulq=945,uqa=202,uqq=158,bdw=h441,amr=h313,asb=h467,auh=h762,dhq=h266,mht=h425,msb=h115,tla=h57,amj=h365,ens=h1,mis=h1",491,wehr_dictionary_1976,"http://ejtaal.net/aa/#hw4=504,ll=1450,ls=5,la=2062,sg=522,ha=342,br=471,pr=79,aan=276,mgf=436,vi=194,kz=1131,mr=321,mn=648,uqw=791,umr=516,ums=438,umj=377,ulq=945,uqa=202,uqq=158,bdw=h441,amr=h313,asb=h467,auh=h762,dhq=h266,mht=h425,msb=h115,tla=h57,amj=h365,ens=h1,mis=h1",,,,yes,,,
,,,,,,,,,,,,,,,,,,,,,,,,,,,,,,,,,,,,,,,,,,,,,,,,
1,yes,zh,rougui,saddlebrown,z1,,,,,,Mandarin Chinese,肉桂,ròuguì,,,MC /kweiH/,flesh-cinnamon,cassia,cassia,\textit{guì} is modified by \textit{ròu} to distuinguish it from the osmanthus flower (桂花 \textit{guìhuā}),,,,,,,,,,,,,,,,,,,,,,,,,yes,,,
,,,,,,,,,,,,,,,,,,,,,,,,,,,,,,,,,,,,,,,,,,,,,,,,
1,yes,en,cinnamon,chocolate,e1,,,,,,English,,cinnamon,,,,,,cinnamon,,"Middle English \textit{sinamome, synamome}",,,,,,yes,,c1430,15,,,,,,cinnamon,oed,https://www.oed.com/view/Entry/33132,cinnamon,oed,https://www.oed.com/view/Entry/33132,cinnamon,OE,https://www.etymonline.com/word/cinnamon,yes,,,
2,yes,en,cinnamon,,,,,,,,French,,cinnamome,,cinname,,,id.,cinnamon,,earlier \textit{cynnamome}; also \nth{16} c. \textit{cinamonde},,,,,,yes,yes,1211,13,,,,,,,tlfi,,,tlfi,https://www.cnrtl.fr/etymologie/cinnamome,,,,yes,,,
3,yes,en,cinnamon,,,,,,,,Latin,,cinnamōmum,,"cinnamum, cinnamon",,,id.,cinnamon,,,,,,,,yes,yes,1,1,,,,,,,lewis_latin_1879,,,LS,http://www.perseus.tufts.edu/hopper/morph?l=cinnam%C5%8Dmum&la=la#lexicon,,,,yes,,,
4,yes,en,cinnamon,,,,,,,,Ancient Greek,κιννάμωμον,kinnámōmon,κίνναμον,kínnamon,,,id.,cinnamon,"later refashioned as \textit{kínnamon} after Latin \textit{cinnamum/cinnamon}, which partly influenced the current English form",of Semitic origin,,Coptic \cop{ⲕⲓⲛⲛⲁⲙⲱⲙⲟⲛ} \textit{kinnamomon},,,,yes,yes,-5,-5,,,,,,701,beekes_etymological_2010,,,LSJ,http://www.perseus.tufts.edu/hopper/morph?l=kinna%2Fmwmon&la=greek&can=kinna%2Fmwmon0&prior=to/#lexicon,,LSJ,http://www.perseus.tufts.edu/hopper/morph?l=ki%2Fnna%5Emon&la=greek&can=ki%2Fnna%5Emon0#lexicon,yes,,,
5,yes,en,cinnamon,,,,,,,,Semitic*,,*qnmwn,,,,,,cinnamon,,,,Ancient Hebrew \he{קִנָּמוֹן} \textit{qināmōn}; Judeo-Aramaic \sy{ܩܢܡܘ} \textit{qnmw},,,,,yes,,,,,,,,585,klein_comprehensive_1987,,,ahd,https://www.ahdictionary.com/word/search.html?q=cinnamon,,,,yes,,,
6,yes,en,cinnamon,,,,,,,,unknown,,,,,,,,,,,,,,,,,,,,,,,,,,rosol_early_2018,,,,,,,,yes,,,
,,,,,,,,,,,,,,,,,,,,,,,,,,,,,,,,,,,,,,,,,,,,,,,,
1,yes,ar,darsini,chocolate,a1,,,,,,Arabic,دارصيني,dārṣīnī,,dār ṣīnī ,,,cinnamon,cinnamon,,,,,,,,,,,,,,,,,311,wehr_dictionary_1976,"http://ejtaal.net/aa/#hw4=324,ll=883,ls=5,la=1312,sg=369,ha=206,br=322,pr=54,aan=183,mgf=293,vi=142,kz=670,mr=218,mn=382,uqw=498,umr=353,ums=285,umj=232,ulq=688,uqa=128,uqq=101,bdw=h291,amr=h218,asb=h275,auh=h555,dhq=h173,mht=h271,msb=h79,tla=h47,amj=h225,ens=h164,mis=h643",311,wehr_dictionary_1976,"http://ejtaal.net/aa/#hw4=324,ll=883,ls=5,la=1312,sg=369,ha=206,br=322,pr=54,aan=183,mgf=293,vi=142,kz=670,mr=218,mn=382,uqw=498,umr=353,ums=285,umj=232,ulq=688,uqa=128,uqq=101,bdw=h291,amr=h218,asb=h275,auh=h555,dhq=h173,mht=h271,msb=h79,tla=h47,amj=h225,ens=h164,mis=h643",,,,yes,,,
2,yes,ar,darsini,,,,,,,,Persian,دارچین,dārchīnī,دارچینی‎,"dār-i chīnī, dārchīn",,Chinese wood,id.,cinnamon,from Persian \textit{dār} `wood' + \textit{cīn} `China',,,Sanskrit \textit{dāru} (PIE *dóru),,,,,,,,,,,,,,dietrich_dar_2004,,dār ṣīnī ,EI2,,,,,yes,,,
3,yes,ar,darsini,,,,,,,,Pahlavi,*dār ī čēnīg,*dār ī čēnīg,,,,,id.,cinnamon,,cf. Armenian \textit{daričenik},,,,,,,,,,,,,,,,alam_darcini_2011,,dārčīnī,EIr,https://www.iranicaonline.org/articles/darcini,,,,yes,,,
,,,,,,,,,,,,,,,,,,,,,,,,,,,,,,,,,,,,,,,,,,,,,,,,
1,yes,ar,qirfa,chocolate,a2,,,,,,Arabic,قرفة,qirfa,,,,"bark, rind",cinnamon,cinnamon,"from qarafa `to peel, bark, derind'; Semitic root q-r-f",related to root q-l-f,,,Amharic \textit{kerefe},,,,,,,,,,,,,[888]{wehr_dictionary_1976}[427]{leslau_comparative_1991},"http://ejtaal.net/aa/#hw4=901,ll=2613,ls=9,la=3599,sg=850,ha=612,br=778,pr=126,aan=520,mgf=723,vi=296,kz=2122,mr=535,mn=1111,uqw=1305,umr=876,ums=737,umj=654,ulq=1410,uqa=346,uqq=306,bdw=h713,amr=h517,asb=h790,auh=h1287,dhq=h453,mht=h734,msb=h197,tla=h84,amj=h643,ens=h1,mis=h1772",888,wehr_dictionary_1976,"http://ejtaal.net/aa/#hw4=901,ll=2613,ls=9,la=3599,sg=850,ha=612,br=778,pr=126,aan=520,mgf=723,vi=296,kz=2122,mr=535,mn=1111,uqw=1305,umr=876,ums=737,umj=654,ulq=1410,uqa=346,uqq=306,bdw=h713,amr=h517,asb=h790,auh=h1287,dhq=h453,mht=h734,msb=h197,tla=h84,amj=h643,ens=h1,mis=h1772",427,Leslau,https://books.google.com.hk/books?id=WqkbGRnoSncC&pg=PA427&lpg=PA427&dq=qarafa+semitic+roots&source=bl&ots=UduX8r_dVH&sig=ACfU3U1-atrHsrJzB-9xi7kga2HN1dM5QA&hl=en&sa=X&ved=2ahUKEwi0wu-D5aD4AhULK5QKHXqDCUsQ6AF6BAgCEAM#v=onepage&q=qarafa%20semitic%20roots&f=false,yes,,,
,,,,,,,,,,,,,,,,,,,,,,,,,,,,,,,,,,,,,,,,,,,,,,,,
1,yes,en,chili,maroon,e1,,,,,,English,,chilli,,,,,,chili pepper,,,,,,,,,yes,XVII Ee 1660 Et 1604 Mw,,,,,,,,,,,OE,https://www.etymonline.com/word/chili,,,,,,,
2,yes,en,chili,,,,,,,,Spanish,,chile,,,,,id.,chili pepper,,,,,,,,,yes,,,,,,,,,,,,,,,,,,,,
3,yes,en,chili,,,,,,,,Classical Nahuatl,,chīlli,,,,,id.,chili pepper,,,,,,,,,yes,,,,,,,,,,,,,,,,,,,,
,,,,,,,,,,,,,,,,,,,,,,,,,,,,,,,,,,,,,,,,,,,,,,,,
1,yes,ar,fulful harr,maroon,a1,,,,,,Arabic,فلفل حار ,fulful ḥārr,,,,hot pepper,chili pepper,chili pepper,,,,,,,,,,,,,,,,,,,,,,,,,,,,,
,,,,,,,,,,,,,,,,,,,,,,,,,,,,,,,,,,,,,,,,,,,,,,,,
1,yes,zh,lajiao,maroon,z1,,,,,,Mandarin Chinese,辣椒,làjiāo,,,,pungent-pepper,chili pepper,chili pepper,,,,,,,,,,,,,,,,,,,,,,,,,,,,,
,,,,,,,,,,,,,,,,,,,,,,,,,,,,,,,,,,,,,,,,,,,,,,,,
1,yes,en,paprika,maroon,e2,,,,,,English,,paprika,,,,,,,,,,,,,,,yes,1839 Et,,,,,,,,,,,OE,https://www.etymonline.com/word/paprika,,,,,,,
2,yes,en,paprika,,,,,,,,Hungarian,,paprika,,,,,,,diminutive?,,,,,,,,yes,1569 Et,,,,,,,,,,,,,,,,,,,
3,yes,en,paprika,,,,,,,,Serbian-Croatian-Bosnian,,paprika,,,,,little pepper,little pepper,"(papar+ika) papar = pepper; -ika = Suffix appended to words to create a feminine noun, usually denoting a plant.",,,,,,,,yes,,,,,,,,,,,,,"https://dizbi.hazu.hr/a/?pr=iiif.v.a&id=196806&tify={%22pages%22:[634],%22panX%22:0.481,%22panY%22:0.502,%22view%22:%22thumbnails%22,%22zoom%22:0.741}",,,,,,,
4,yes,en,paprika,,,,,,,,Slavic*,*pьpьrь,*pĭpĭrĭ ,,,,,,,,,,,,,,,,,,,,,,,,,,,,,,,,,,,
5,yes,en,paprika,,,,,,,,Latin,,piper,,,,,,,,,,,,,,,,,,,,,,,,,,,,,,,,,,,
6,yes,en,paprika,,,yes,,yes,yes,,Modern Greek,,piperi,,,,,,,,,,,,,,,yes,,,,,,,,,,,,,,,,,,,,
7,yes,en,paprika,,,,,,,,Ancient Greek,πέπερι,péperi,,,,,,,,,,,,,,,yes,,,,,,,,,,,,,,,,,,,,
8,yes,en,paprika,,,,,,,,Pahlavi,,?,,,,,,,,,,,,,,,yes,,,,,,,,,,,,,,,,,,,,
9,yes,en,paprika,,,,,,,,Middle Indo-Aryan*,,pipparī,,,,,,,,,,,,,,,yes,,,,,,,,,,,,,,,,,,,,
10,yes,en,paprika,,,,,,,,Sanskrit,,pippalī,,,,,,,,,,,,,,,yes,,,,,,,,,,,,,,,,,,,,
,,,,,,,,,,,,,,,,,,,,,,,,,,,,,,,,,,,,,,,,,,,,,,,,
1,yes,en,clove,darkred,e1,,,,,,English,,clove,,,,,,,,,Middle English \textit{clowe},,,,,,,?c1225,13,,oed,,,,,,,,OE,https://www.etymonline.com/word/clove,,,,,,,
2,yes,en,clove,,,,,,,,Anglo-Norman,,clow,,,,,,,,,,,,,,,,c.1200,,,,,,,,,,,,,,,,,,,
3,yes,en,clove,,,,,,,,Old French,,clou,,,,,,,,,,,,,,,,XII,,,,,,,,,,,,,,,,,,,
4,yes,en,clove,,,,,,,,Latin,,clāvus,,,,,nail,nail,,,,,,,,,,,,,,,,,,,,,,,,,,,,,
,,,,,,,,,,,,,,,,,,,,,,,,,,,,,,,,,,,,,,,,,,,,,,,,
1,yes,ar,qaranful,darkred,a1,,,,,,Arabic,قرنفل,qaranful,,,,,,clove,,also refers to carnation flower,,,,,,,,,,,,,,,,,,,,,,,,,,,
2,yes,ar,qaranful,,,,,,yes,,Dravidian*,,*,,,,,,,"perhaps from a language of South India, where cloves were initially traded from",,,,,"cf. Tamil \ta{கராம்பு} \textit{karāmpu}, and Malayalam, Sinhalese, etc.",,,,,,,,,,,,,,,,,,,,,,,
,,,,,,,,,,,,,,,,,,,,,,,,,,,,,,,,,,,,,,,,,,,,,,,,
1,yes,zh,dingxiang,darkred,z1,,,,,,Mandarin Chinese,丁香,dīngxiāng,,,,nail-spice,,clove,using pictogram after the shape of the spice,earlier name is 雞舌香 \textit{jīshéxiāng} [chicken-tongue-spice]  ,,,,,,,,1321,14,Ming,CTP,,Romance of the Three Kingdoms,,,,,,,,,,,,,,
,,,,,,,,,,,,,,,,,,,,,,,,,,,,,,,,,,,,,,,,,,,,,,,,
1,yes,en,coriander,yellowgreen,e1,,,,,,English,,coriander,,,,,,,,,,,,,,,,,,,,,,,,,,,OE,https://www.etymonline.com/word/coriander,,,,,,,
2,yes,en,coriander,,,,,,,,Old French,,coriandre,,,,,,,,,,,,,,,,,,,,,,,,,,,,,,,,,,,
3,yes,en,coriander,,,,,,,,Latin,,coriandrum,,,,,,,,,,,,,,,,,,,,,,,,,,,,,,,,,,,
4,yes,en,coriander,,,,,,,,Ancient Greek,,korīannon;-dron,,,,,,,,,,,,,,,,,,,,,,,,,,,,,,,,,,,
,,,,,,,,,,,,,,,,,,,,,,,,,,,,,,,,,,,,,,,,,,,,,,,,
1,yes,ar,kuzbura,yellowgreen,a1,,,,,,Arabic,كزبرة,kuzbara,,,,,,coriander,,,,,,,,,,,,,,,,,,,,,,,,,,,,,
2,yes,ar,kuzbura,,,,,,,,Aramaic,\he{כסברה},kusbara,,,,,,coriander,,,,Classical Syriac \sy{ܟܽܘܣܒܰܪܬܳܐ‎} \textit{kūsbartā},,,,,,,,,,,,,,,,,,,,,,,,,
3,yes,ar,kuzbura,,,,,,,,Akkadian,\cu{𒊺𒇽},kisibirru,,,,,,coriander,,,,,,,,,,,,,,,,,,,,,,,,,,,,,
4,yes,ar,kuzbura,,,,,,yes,,Sanskrit,कुस्तुम्बरी,kustumbarī,,,,,,coriander,,,,,Tamil \ta{கொத்தமல்லி} \textit{kottamalli}; Indonesian \textit{ketumbar},,,,,,,,,,,,,,,,,https://dsal.uchicago.edu/cgi-bin/app/tamil-lex_query.py?qs=%E0%AE%95%E0%AF%8A%E0%AE%A4%E0%AF%8D%E0%AE%A4%E0%AE%AE%E0%AE%B2%E0%AF%8D%E0%AE%B2%E0%AE%BF&searchhws=yes&matchtype=exact,,,,,,,
,,,,,,,,,,,,,,,,,,,,,,,,,,,,,,,,,,,,,,,,,,,,,,,,
1,yes,zh,yansui,yellowgreen,z1,,,,,,Mandarin Chinese,芫荽,yánsuī,,,,lilac-coriander,coriander,coriander,"\textit{yan} `lilac daphne' + \textit{sui} `coriander', maybe a remodeling of 胡荽 \textit{husui} after 芫花 \textit{yanhua} `lilac daphne' (\textit{Daphne genkwa} a herb in TCM, on accou",the characters only appear in these words,,,,,,,,c1592,16,Ming,CTP,,Journey to the West,,,,,,,,,,,,,,
,,,,,,,,,,,,,,,,,,,,,,,,,,,,,,,,,,,,,,,,,,,,,,,,
1,yes,zh,husui,yellowgreen,z2,,,,,,Mandarin Chinese,胡荽,húsuī,,,,barbarian-sui,coriander,coriander,phono-semantic matching of an Iranian form,,,,,,"phono-semantic matching of an Iranian form *koswi, *košwi, *gošwi (Laufer, 1967). Compare Middle Persian gšnyc (gišnīz, “coriander”), kšnyc (kišnīz), whence , “coriander”). Also compare Sanskrit कुस्तुम्बरी (kustumbarī).",,,,4,,,,,,,laufer_sino-iranica_1919,,,,,,,,,,,
2,yes,zh,husui,,,,,,,,Iranian*,,"*koswi, *košwi, *gošwi",,,,,id.,id.,,,,Middle Persian \textit{gišnīz/kišnīz} `coriander'  ,Modern Persian گشنیز‎ \textit{gešniz} `id.',,,,,,,,,,,,,,,,,,,,,,,,
,,,,,,,,,,,,,,,,,,,,,,,,,,,,,,,,,,,,,,,,,,,,,,,,
1,yes,en,cumin,burlywood,e1,,,,,,English,,cumin,,,,,,,"Middle English cumin, comin was either from French (like Middle Dutch comijn, Dutch komijn), or altered from Old English cymen after French.",Old English \textit{cymen},,"Old High German chumin, cumin, also chumil (Middle High German kümel, German kümmel), Swedish kummin, Danish kummen. The word has also come down in the Romanic languages, Italian cumino, comino, Spanish comino, Portuguese cominho, Old French cumin, comin. ",,,,,,,,,,,,,cumin,oed,https://www.oed.com/view/Entry/45801,,,,,OE,https://www.etymonline.com/word/cumin,,,,
2,yes,en,cumin,,,,,,,,Latin,,cumīnum,,cymīnum,,,id.,id.,,,,,,,,,,,,,,,,,,,,,,,,,,,,,
3,yes,en,cumin,,,,,,,,Ancient Greek,κύμῑνον,kúmīnon,,,,,id.,id.,"The Greek κύμῑνον is supposed to have been a foreign word, cognate in origin with the Semitic names",,,,,,,,,,,,,,,,,,,,,,,,,,,,
4,yes,en,cumin,,,,,,,,Semitic*,,*kmn,,,,,id.,id.,,,,Arabic \textit{kammūn}; Hebrew \textit{kammōn}; Akkadian \textit{kamūnu},,,,,,,,,,,,,,,,,,,,,,,,,
,,,,,,,,,,,,,,,,,,,,,,,,,,,,,,,,,,,,,,,,,,,,,,,,
1,yes,ar,kammun,burlywood,a1,,,,,,Arabic,كمون,kammūn,,,,,cumin,cumin,,,,,,,,,,,,,,,,,,,,,,,,,,,,,
2,yes,ar,kammun,,,,,,,,Aramaic,\he{כַּמֹּונָֹא‎}/\sy{ܩܰܡܽܘܢܳܐ‎},kammōnā,,,,,id.,cumin,,,,Old Armenian \hy{չաման} \textit{čʿaman},,,,,,,,,,,,,,,,,,,,,,,,,
3,yes,ar,kammun,,,,,,,,Akkadian,\cu{𒌑𒁷𒊺𒉪} Ú.GAMUN,kamūnu,,,,,id.,cumin,,,,,,,,,,,,,,,,,,,,,,,,,,,,,
,,,,,,,,,,,,,,,,,,,,,,,,,,,,,,,,,,,,,,,,,,,,,,,,
1,yes,zh,ziran,burlywood,z1,,,,,,Mandarin Chinese,孜然,zī​rán,,,,,cumin,cumin,modern loan from Uyghur,the historic term is 蒔蘿 from Middle Persian \textit{*zīra} during Tang dynasty,,,,,,,,,,Qing,,,,,,[383]{laufer_sino-iranica_1919}[45]{sulaiman_uyghur_2020}[]{liu_hanyu_1985},,,,,,,,,,,
2,yes,zh,ziran,,,,,,,,Uyghur,زىرە,zirä,,,,,id.,cumin,,,,,,,,,,,,,,,,,561,schwarz_uyghur-english_1992,,,,,,,,,,,
3,yes,zh,ziran,,,,,,,,Persian,زیره,zīra,,,,,id.,cumin,distantly related to Sanskrit \textit{jīraka},zire-ye siyāh [black cumin] `caraway'; zire-ye sabz [green cumin] `cumin',,Sogdian zyr'kk /zîrê/,Hindi-Urdu \textit{zīrā},,,,,,,,,,,,634,steingass_comprehensive_1892,,,,,,,,,,,
4,yes,zh,ziran,,,,,,yes,,Sanskrit,जीर,jīra,जीरक,jīraka,,,id.,cumin,,,,,Hindi जीरा \textit{jīrā}; English \textit{jeera},,,,,,,,,,,,,[375]{mcgregor_oxford_1993},,,SD,https://sanskritdictionary.com/?iencoding=iast&q=j%C4%ABra&lang=sans&action=Search,,,,,,,
,,,,,,,,,,,,,,,,,,,,,,,,,,,,,,,,,,,,,,,,,,,,,,,,
1,yes,en,dill,teal,e1,,,,,,English,,dill,,,,,,,ulterior derivation unknown,,"Old English \textit{dili, dile, dil dyle} (masculine)"," Old Low German \textit{dilli}, Dutch \textit{dille}, Old High German \textit{tilli}, Middle High German \textit{tille}, German \textit{dill, dille}, Danish \textit{dild}, Swedish \textit{dill} ",,,,,,a700,8,Old English,oed,,The Epinal Glossary,,dill,oed,https://www.oed.com/view/Entry/52792,,,,,,,,,,
2,yes,en,dill,,,,,,,,unknown,,*,,,,,,,,,,,,,,,,,,,,,,,,,,,,,,,,,,,
,,,,,,,,,,,,,,,,,,,,,,,,,,,,,,,,,,,,,,,,,,,,,,,,
1,yes,ar,shibitt,teal,a1,,,,,,Arabic,شبت,shibitt,,,,,,dill,,,,,,,,,,,,,,,,,1494-1495,lane_arabic-english_1863,https://archive.org/details/ArabicEnglishLexicon.CopiousEasternSources.EnlargedSuppl.Kamoos.Lane.Poole.1863/04.ArabicEnglLex.v1p4.let.12.13.14.Sin.Shin.Sad.Lane.1872./page/n217/mode/2up?view=theater,,,,,,,,,,
2,yes,ar,shibitt,,,,,,,,Aramaic,\sy{ܫܒܷܬܴ݁ܐ‎},šəḇettā,\he{שִׁיבְתָא‎},šiḇəṯā,,,,dill,,,,Hebrew \he{שֶׁבֶת‎} \textit{šéḇeṯ}; Persian \fa{شوید‎} \textit{ševid} ,,,,,,,,,,,,,,,,,cal,https://cal.huc.edu/oneentry.php?lemma=%24bt+N&cits=all,,,,,,,
3,yes,ar,shibitt,,,,,,,,Akkadian,\cu{𒅆𒂍𒌈},šibittu,,,,,,dill,,,,,,,,,,,,,,,,,,,,,,,,,,,,,
,,,,,,,,,,,,,,,,,,,,,,,,,,,,,,,,,,,,,,,,,,,,,,,,
1,yes,zh,shiluo,teal,z1,,,,,,Mandarin Chinese,蒔蘿,shíluó,,,,,,dill,,,,,,,"From Persian زیره‎ (zire, “cumin seed”) or Sanskrit जीरक (jīraka, “cumin seed”). Attested in Tang dynasty. Compare 孜然 (zīrán, “cumin”), possibly ultimately from the same source.",,,1008,11,Northern Song,CTP,,Guangyun,,,,,,,,,,,,,,
2,yes,zh,shiluo,,,,,,,,Persian,,zīra,,,,,id.,dill,distantly related to Sanskrit \textit{jīraka},zire-ye siyāh [black cumin] `caraway'; zire-ye sabz [green cumin] `cumin',,Sogdian zyr'kk /zîrê/,Persian \textit{zīra}; Hindi-Urdu \textit{zīrā},,,,,,,,,,,,634,steingass_comprehensive_1892,,,,,,,,,,,
3,yes,zh,shiluo,,,,,,yes,or,Sanskrit,जीर,jīra,जीरक,jīraka,,,,dill,,,,,Hindi जीरा \textit{jīrā}; English \textit{jeera},,,,,,,,,,,,,,,,SD,https://sanskritdictionary.com/?iencoding=iast&q=j%C4%ABra&lang=sans&action=Search,,,,,,,
,,,,,,,,,,,,,,,,,,,,,,,,,,,,,,,,,,,,,,,,,,,,,,,,
1,yes,en,fennel,mediumaquamarine,e1,,,,,,English,,fennel,,,,,,,,,,,,,marathon,,,a700,8,Old English,,,,,fennel,oed,https://www.oed.com/view/Entry/69273,,,,,,,,,,
2,yes,en,fennel,,,,,yes,,,Old English,,fenol,,"finugl, finule, fenol, finul",,,,,,,,,,,,,,a700,8,Old English,,,,,,,,,,,,,,,,,
3,yes,en,fennel,,,,,,,,Latin,,faeniculum,,,,,,,"via Vulgar Latin \textit{fēnoclum, fēnuclum} substituted for classical Latin \textit{faeniculum}, diminutive of \textit{faenum} hay",,,,"Old French fenoil (modern French fenouil), Provençal fenolh, Italian finocchio, Spanish hinojo.",,,,,,,,,,,,,,,,,,,,,,,,
,,,,,,,,,,,,,,,,,,,,,,,,,,,,,,,,,,,,,,,,,,,,,,,,
1,yes,ar,shamar,mediumaquamarine,a1,,,,,,Arabic, شمر,shamar,,"shamār; shamra, shumra",,,,fennel,,,,,,,"From Aramaic, where attested forms include Jewish Babylonian Aramaic סִמְרָא‎, סִימְרָא‎ (simrā), absolute state סְמַר‎ (smar), Jewish Palestinian Aramaic שומרא‎ (šummārā), Classical Syriac ܫܲܡܵܪܵܐ‎ (šammārā) and ܫܘܼܡܵܪܵܐ‎ (šummārā), all meaning fennel, deriving from Akkadian 𒌑𒄩 (šimru, simru, “fennel”), also found in Hebrew שֻׁמָּר‎ (šummā́r, “fennel”) and שָׁמִיר‎ (šāmī́r, “dill”), and likely Ugaritic 𐎘𐎎𐎗 (ṯmr, “likely fennel”). Related to Old Armenian շամրայ (šamray), շումրայ (šumray), a Semitic borrowing.",,,,,,,,,,,,,,,,,,,,,,
2,yes,ar,shamar,,,,,,,,Aramaic,,simra,,,,,,fennel,,,,,,,,,,,,,,,,,,,,,,,,,,,,,
3,yes,ar,shamar,,,,,,,,Akkadian,\cu{𒌑𒄩},šimru,,simru,,,,fennel,,,,,,,,,,,,,,,,,,,,,,,,,,,,,
,,,,,,,,,,,,,,,,,,,,,,,,,,,,,,,,,,,,,,,,,,,,,,,,
1,yes,zh,huixiang,mediumaquamarine,z1,,,,,,Mandarin Chinese,茴香,huíxiāng,,,,hui-spice,,fennel,"茴 \textit{hui} refers to fennel, anise, and related plants; it perhaps could be rendered as `muslim spice' by way of its construction: 回 `Islam; Hui people' +  艹 `grass, herb' (Hu, 2005); or, phono semantic compund",,,,,,,,,,,,,,,,,hu_food_2005,,,,,,,,,,,
,,,,,,,,,,,,,,,,,,,,,,,,,,,,,,,,,,,,,,,,,,,,,,,,
1,yes,en,fenugreek,mediumorchid,e1,,,,,,English,,fenugreek,,,,,,,"in old English from Latin, in Middle English and later from French",,Old English \textit{fenogræcum},,,,,,,,,,,,,,,,,,oed,https://www.oed.com/view/Entry/69289,,,,,,,
2,yes,en,fenugreek,,,,,,,,French,,fenugrec,,,,,,,,,,,,,,,,,,,,,,,,,,,,,,,,,,,
3,yes,en,fenugreek,,,,,,,,Latin,,faenugraecum,,,,Greek-hay,,,named \textit{faenum Graecum} `Greek hay' by the Romans,,,,,,,,,,,,,,,,,,,,,,,,,,,,
,,,,,,,,,,,,,,,,,,,,,,,,,,,,,,,,,,,,,,,,,,,,,,,,
1,yes,ar,hulba,mediumorchid,a1,,,,,,Arabic,حلبة,ḥulba,,,,,fenugreek,fenugreek,Semitic,,,Classical Syriac \sy{ܚܠܒܬܐ}; Hebrew \he{חִלְבָּה}‎ \textit{ḥilbā},,,,,,,,,,,,,,,,,,,,wehr_dictionary_1976,http://ejtaal.net/aa/#hw4=247,,,,
,,,,,,,,,,,,,,,,,,,,,,,,,,,,,,,,,,,,,,,,,,,,,,,,
1,yes,zh,huluba,mediumorchid,z1,,,,,,Mandarin Chinese,胡蘆巴,húlúbā,,,,,fenugreek,fenugreek,,,,,,,,,,,,,,,,,,,,,,,,,,,,,
2,yes,zh,huluba,,,,,,yes,,Persian,حلبة,ḥulba,,,,,id.,fenugreek,,,,,,,,,,,,,,,,,,,,,,https://dsal.uchicago.edu/cgi-bin/app/steingass_query.py?page=428,,,,,,,
2,yes,zh,huluba,,,,,,,,Arabic,حلبة,ḥulba,,,,,id.,fenugreek,Semitic,,,Classical Syriac \sy{ܚܠܒܬܐ}; Hebrew \he{חִלְבָּה}‎ \textit{ḥilbā},,,,,,,,,,,,,,,,,,,,wehr_dictionary_1976,http://ejtaal.net/aa/#hw4=247,,,,
,,,,,,,,,,,,,,,,,,,,,,,,,,,,,,,,,,,,,,,,,,,,,,,,
1,yes,en,ginger,darkkhaki,e1,,,,,,English,,ginger,,,,,,,,,"Middle English \textit{gingivere}; Anglo-Norman \textit{gingevere, gyngyver}; Old English \textit{ġinġifer, -ber}",,,,,,,c925,10,eOE,,,Bald's Leechbook,,,"oed, ross_ginger_1952",,,OE,https://www.etymonline.com/word/ginger,,,,,,,
2,yes,en,ginger,,,,,,,reinforced by,Old French,,"gingivere, gingibre ",,gingembre,,,id.,ginger,,,,,,,,,,,11,,,,,,,,,,,,,,,,,,
3,yes,en,ginger,,,,,,,,Medieval Latin,,gingiber,,zingiber,,,id.,ginger,,,,,,,Late Latin,,,,4,,,,,,,,,,,,,,,,,,
4,yes,en,ginger,,,,,,,,Latin,,zingiber,,zingiberi,,,id.,ginger,,,,,,,,,,,1,,,,Pliny,,,,,,,,,,,,,,
5,yes,en,ginger,,,,,,,,Ancient Greek,\gr{ζιγγίβερις},ziggiberis,ζιγγίβερι,ziggiberi,,,id.,ginger,,,,,,,,,,,1,,,,Dioscorides,,,,,,,,,,,,,,
6,yes,en,ginger,,,,,,,,Pali,,siṅgivera ,,singi,,,id.,ginger,,,,Sanskrit शृङ्गवेर \text{śṛṇgavera},,,,,,,,,,,,,,,,,,,,,,,,,
7,yes,en,ginger,,,,,,,,Dravidian*,,*cinki-wēr,,,,,id.,ginger,South dravidian nominal compound  from the etyma of Tamil and Malayalam \textit{iñci} (both with regular loss of an initial sibilant) + \textit{vēr} (Proto-Dravidian \textit{wēr}); the base of \textit{*cinki} is a loanword,,,,,"Khasi sying (pronounced /sʔiŋ/), Thai khing, Vietnamese gừng, Chinese jiāng (already in Old Chinese), all in sense ‘ginger’.",,,,,,,,,,,5,krishnamurti_dravidian_2003,,,,,,,,,,,
8,yes,en,ginger,,,,,yes,,,unknown,,*,,,,,id.,ginger,unidentified Southeast Asian language,,,"Khasi \textit{sying} /sʔiŋ/, Thai \textit{khing}, Vietnamese \textit{gừng}, Chinese \textit{jiāng}",,,,,,,,,,,,,,,,,,,,,,,,,
9,yes,en,ginger,,,,,,yes,,Proto-Sino-Tibetan*,,*kjaŋ,,,,,id.,ginger,,,,,,,,,,,,,,,,,,,,,,,,,,,,,
,,,,,,,,,,,,,,,,,,,,,,,,,,,,,,,,,,,,,,,,,,,,,,,,
1,yes,ar,zanjabil,darkkhaki,a1,,,,,,Arabic,زنجبيل,zanjabīl,,,,,ginger,ginger,,,,,,,"Compare further Arabic zanjabīl (already in the Qur'an (76:17), probably transmitted via an Iranian language and perhaps also via other Semitic languages), perhaps with folk-etymological influence from Zanj , a medieval name for a region in East Africa (see Zinjanthropus n.). (Influence from either Arabic zanjabīl (preceded by the definite article al ) or its probable (although unattested) variant *zinjabīl has been suggested for the occasional Spanish variant †agengibre (16th cent.), but this is more likely to show analogy within Spanish with other common words of Arabic origin, e.g. azucar sugar n., arroz arroz n.)",,,609-632,,,,76:17,Quran,,,,,,,,,,,,,,
2,yes,ar,zanjabil,,,,,,,,Classical Syriac,ܙܢܓܒܝܠ‎,zangabīl,ܙܢܓܒܝܪ,zangabīr,,,id.,ginger,,,,,,,,,,,,,,,,,,cal,,,cal,https://cal.huc.edu/oneentry.php?lemma=zngbyl+N&cits=all,,,,,,,
3,yes,ar,zanjabil,,,,,,,,Pahlavi,,singibēr,,,,,id.,ginger,or via another Middle Iranian language,,,,,,,,,,,,,,,,90,ciancaglini_iranian_2008,,,,,,,,,,,
3,yes,ar,zanjabil,,,,,,,,Sauraseni Prakrit,𑀲𑀺𑀁𑀕𑀺𑀯𑁂𑀭,siṃgivera,,,,,id.,ginger,,,,,,,,,,,,,,,,,,,,,,,,,,,,,
4,yes,ar,zanjabil,,,,,,yes,,Sanskrit,शृङ्गवेर,śṛṅgavera,,,,,id.,ginger,,,Old Tamil இந்சி + வேர் \textit{iṅci} `ginger' (a loanword) + \textit{vēr} `root',,,,,,,,,,,,,,,,,,,,,,,,,,
6,yes,ar,zanjabil,,,,,,,,Dravidian*,,*cinki-wēr,,,,,id.,ginger,South dravidian nominal compound  from the etyma of Tamil and Malayalam \textit{iñci} (both with regular loss of an initial sibilant) + \textit{vēr} (Proto-Dravidian \textit{wēr}); the base of \textit{*cinki} is a loanword,,,,,"Khasi sying (pronounced /sʔiŋ/), Thai khing, Vietnamese gừng, Chinese jiāng (already in Old Chinese), all in sense ‘ginger’.",,,,,,,,,,,5,krishnamurti_dravidian_2003,,,,,,,,,,,
7,yes,ar,zanjabil,,,,,yes,,,unknown,,*,,,,,id.,ginger,unidentified Southeast Asian language,,,"Khasi \textit{sying} /sʔiŋ/, Thai \textit{khing}, Vietnamese \textit{gừng}, Chinese \textit{jiāng}",,,,,,,,,,,,,,oed,,,,,,,,,,,
8,yes,ar,zanjabil,,,,,,yes,,Proto-Sino-Tibetan*,,*kjaŋ,,,,,id.,ginger,,,,,,,,,,,,,,,,,,,,,,,,,,,,,
,,,,,,,,,,,,,,,,,,,,,,,,,,,,,,,,,,,,,,,,,,,,,,,,
1,yes,zh,jiang,darkkhaki,z1,,,,,,Mandarin Chinese,薑,jiāng,,,,,ginger,ginger,,,,,,,,,,-221,-3,Spring and Autumn - Warring States,CTP,,Analects; SWJZ,,,,,360,kleeman_oxford_2010,,https://en.wiktionary.org/wiki/%E8%96%91,,,,,,
2,yes,zh,jiang,,,yes,,yes,,,Middle Chinese,䕬; 薑,,𧅁,,MC /kɨɐŋ/,,id.,ginger,,,,,,,,,,,,,,,,,,,,,,,,,,,,,
3,yes,zh,jiang,,,,,,,,Old Chinese,䕬,,,,OC /*kaŋ/,,id.,ginger,,,,,,,,,,,,,,,,,,,,,,,,,,,,,
4,yes,zh,jiang,,,,,,,,Proto-Sino-Tibetan*,,*kjaŋ,,,,,id.,ginger,,,,,Burmese ချင်း \textit{hkyang:},,,,,,,,,,,,,,,,,,,,,,,,
,,,,,,,,,,,,,,,,,,,,,,,,,,,,,,,,,,,,,,,,,,,,,,,,
1,yes,en,long pepper,dimgray,e1,,,,,,English,,long pepper,,,,,,long pepper,,,,"Anglo-Norman as poivre lonc (13th cent.; Middle French, French poivre long) and also Middle Dutch lanc peper (Dutch lange peper), Middle Low German lanc pēper, lancpēper, Old High German langpfeffar (Middle High German langer pheffer, German langer Pfeffer), Old Swedish langa pipar (Swedish långpeppar)",,,,yes,,eOE,10,,,,Bald's Leechbook,,long pepper,oed,https://www.oed.com/view/Entry/109975?redirectedFrom=long+pepper#eid38794535,,,,,,,yes,,,
2,yes,en,long pepper,,,,,,,,Latin,,piper longus,,,,pepper-long,id.,long pepper,,,,,,,,,yes,,,,,,,,,,,,,,,,,yes,,,
,,,,,,,,,,,,,,,,,,,,,,,,,,,,,,,,,,,,,,,,,,,,,,,,
1,yes,ar,darfilfil,dimgray,a1,,,,,,Arabic,دارفلفل,dārfilfil,,dārfulful,,,long pepper,long pepper,compound of two Persian words,,,,,,,yes,,,,,,,,,2435,lane_arabic-english_1863,,,dozy_supplement_1881,http://arabiclexicon.hawramani.com/?p=51032#99e851,,,,yes,,,
2,yes,ar,darfilfil,,,,,,,,Persian,دار پلپل‎,dār pilpil,,,,,id.,long pepper,formed within Persian from \textit{dār} `wood' + \textit{pilpil} `pepper',both words are Sanskrit loanwords,,,,,,yes,yes,,,,,,,,,,,496,steingass_comprehensive_1892,https://dsal.uchicago.edu/cgi-bin/app/steingass_query.py?page=496,,,,yes,,,
3,yes,ar,darfilfil,,,,,,,ultimately from,Sanskrit,,dāru + pippali,,,,,,long pepper,,,,,,,,,yes,,,,,,,,,,,,,,,,,yes,,,
,,,,,,,,,,,,,,,,,,,,,,,,,,,,,,,,,,,,,,,,,,,,,,,,
1,yes,zh,biba,dimgray,z1,,,,,,Mandarin Chinese,蓽拔,bìbá,,,MC /piɪt̚  buɑt̚/,,long pepper,long pepper,a phonetic loan,,,,,,,yes,,,,,,,,,,,,,,,,,,yes,,,
2,yes,zh,biba,,,,,,,,Sanskrit,पिप्पलि ,pippali,पिप्पली,pippalī,,,long pepper \textit{Piper longum} (plant and berry); a berry,long pepper \textit{Piper longum} (plant and berry); a berry,,,,,,,,,yes,,,,,,,,626,monier-williams_sanskrit-english_1899,https://www.sanskrit-lexicon.uni-koeln.de/scans/csl-apidev/servepdf.php?dict=MW&page=628,626,Monier-Williams,https://www.sanskrit-lexicon.uni-koeln.de/scans/csl-apidev/servepdf.php?dict=MW&page=628,,,,yes,,,
,,,,,,,,,,,,,,,,,,,,,,,,,,,,,,,,,,,,,,,,,,,,,,,,
1,yes,en,mace,indianred,e1,,,,,,English,,mace,,,,,aril surrounding the nutmeg,aril surrounding the nutmeg,taken as a plural in Middle English (\textit{macis}) and a new singular mace was formed from it,,Middle English \textit{macis},,,,,,,1234,13,,oed,,,,,,,,OE,https://www.etymonline.com/word/mace,,,,,,,
2,yes,en,mace,,,,,,,,Old French,,macis,,,,,id.,id.,,although only attested slightly later than in Middle English,,,,,,,,,,,,,,,,,,,,,,,,,,,
3,yes,en,mace,,,,,,,or,Medieval Latin,,macis,,,,,id.,id.,,,,Hungarian \textit{mácisdió},,,,,,,12,,,,,,,,,,,,,,,,,,
4,yes,en,mace,,,,,,yes,,Latin,,macir,,,,,,,,,,,,,,,,,,,,,,,,,,,,,,,,,,,
5,yes,en,mace,,,,,,yes,,Ancient Greek,μάκιρ,mákir,,,,,,,,,,,,,,,,,,,,,,,,,,,http://www.perseus.tufts.edu/hopper/text?doc=Perseus:text:1999.04.0057:entry=ma/kir,,,,,,,,
6,yes,en,mace,,,,,,yes,,unknown,,*,,,,,,,,,,,,,,,,,,,,,,,,,,,,,,,,,,,
,,,,,,,,,,,,,,,,,,,,,,,,,,,,,,,,,,,,,,,,,,,,,,,,
1,yes,ar,basbas,indianred,a1,,,,,,Arabic,بسباس,basbās,بسباسة,basbāsa,,,,mace,,,,,,,,,,,,,,,,,,,,,,,,,,,,,
2,yes,ar,basbas,,,,,,,,Persian,,,,,,,,,,,,,,,,,,,,,,,,,,,,,,,,,,,,,
,,,,,,,,,,,,,,,,,,,,,,,,,,,,,,,,,,,,,,,,,,,,,,,,
1,yes,zh,roudoukoupi,indianred,z1,,,,,,Mandarin Chinese,肉豆蔻皮,ròudòukòupí,肉豆蔻乾皮,ròudòukòugānpí,,,,mace,,,,,,,,,,,,,,,,,,,,,,,,,,,,,
,,,,,,,,,,,,,,,,,,,,,,,,,,,,,,,,,,,,,,,,,,,,,,,,
1,yes,en,nutmeg,lightsalmon,e1,,,,,,English,,nutmeg,,,,,,,,,"Middle English \textit{notmyg, nutemug(g)e, etc.}",,,,,,,,,,,,,,,,,,OE,https://www.etymonline.com/word/nutmeg,,,,,,,
2,yes,en,nutmeg,,,,,,,,Anglo-Norman,,*nois mugue,,,,,,,,,,,,,,,,,,,,,,,,,,,,,,,,,,,
3,yes,en,nutmeg,,,,,,,,Old French,,nois mug(u)ede; nois musguete,,,,,,,,,,,,,,,,,,,,,,,,,,,,,,,,,,,
4,yes,en,nutmeg,,,,,,,,Romance*,,*nuce muscāta,,,,,,,,,,,,,,,,,,,,,,,,,,,,,,,,,,,
5,yes,en,nutmeg,,,,,,,,Latin,,nux muscada,,,,,,,,,,,,,,,,,,,,,,,,,,,,,,,,,,,
6,yes,en,nutmeg,,,,,,,,Pahlavi,,*mušk,,,,,,,,,,,,,,,,,,,,,,,,,,,,,,,,,,,
7,yes,en,nutmeg,,,,,,,,Sanskrit,,muṣka,,,,,,,,,,,,,,,,,,,,,,,,,,,,,,,,,,,
,,,,,,,,,,,,,,,,,,,,,,,,,,,,,,,,,,,,,,,,,,,,,,,,
1,yes,ar,jawz al-tib,lightsalmon,a1,,,,,,Arabic,جوز الطيب,jawz al-ṭīb,,,,,,nutmeg,,,,,,,,,,,,,,,,,,,,,,,,,,,,,
2,yes,ar,jawz al-tib,,,,,,,,Persian,,jawz buwwa,,,,,,nutmeg,,,,,,,,,,,,,,,,,,,,,,,,,,,,,
,,,,,,,,,,,,,,,,,,,,,,,,,,,,,,,,,,,,,,,,,,,,,,,,
1,yes,zh,roudoukou,lightsalmon,z1,,,,,,Mandarin Chinese,肉豆蔻,ròudòukòu,,,,,,nutmeg,,,,,,,,,,,,,,,,,,,,,,,,,,,,,
,,,,,,,,,,,,,,,,,,,,,,,,,,,,,,,,,,,,,,,,,,,,,,,,
1,yes,en,pepper,black,e1,,,,,,English,,pepper,,,,,,,,,Middle English \textit{peper}; Old English \textit{pipor},,,,https://old-engli.sh/dictionary.php,,,,9,,,,,,,"oed, med, bosworth_anglo-saxon_2014",https://www.oed.com/view/Entry/140433?; https://quod.lib.umich.edu/m/middle-english-dictionary/dictionary/MED32888/; https://bosworthtoller.com/25235,,OE,https://www.etymonline.com/word/pepper,,Bosworth Toller,https://bosworthtoller.com/25235,yes,,oed,https://www.oed.com/view/Entry/140433?
2,yes,en,pepper,,,,,,yes,,West Germanic*,,*pipor,,,,,id.,id.,,,,,,,,yes,,,5?,,,,,,,oe,https://en.wiktionary.org/wiki/pepper,,Wiktionary,https://en.wiktionary.org/wiki/pepper,,,,yes,,EE; OE; MW; AH; WK,
3,yes,en,pepper,,,,,,,,Latin,,piper,,,,,"black pepper, long pepper","black pepper, long pepper",,,,,,,,yes,yes,,-4,,,,,,,lewis_latin_1879,http://www.perseus.tufts.edu/hopper/text?doc=Perseus%3Atext%3A1999.04.0059%3Aentry%3Dpiper,,Lewis & Short,http://www.perseus.tufts.edu/hopper/text?doc=Perseus%3Atext%3A1999.04.0059%3Aentry%3Dpiper,,,,yes,,EE; OE; MW; AH; WK ,
4,yes,en,pepper,,,,,,,,Ancient Greek,πέπερι,péperi,,,,,id.,id.,,,,,,,,yes,yes,,-5,,,,,,,liddell_greek-english_1940,http://www.perseus.tufts.edu/hopper/morph?l=pe%2Fperi%5E&la=greek&can=pe%2Fperi%5E0#Perseus:text:1999.04.0057:entry=pe/peri^-contents,,Liddel & Scott,http://www.perseus.tufts.edu/hopper/morph?l=pe%2Fperi%5E&la=greek&can=pe%2Fperi%5E0#Perseus:text:1999.04.0057:entry=pe/peri^-contents,,,,yes,,EE; OE; MW; AH; WK;,
5,yes,en,pepper,,,yes,yes,yes,yes,,Pahlavi,,*,,,,,,,,,,,,,,yes,yes,,,,,,,,,Wiktionary,,,,,,,,yes,,WK,
6,yes,en,pepper,,,,,,,,Middle Indo-Aryan*,पिप्परी ,pipparī,,,,,long pepper,long pepper,,,,,,,,,yes,,,,,,,,599,sheth_paia-sadda-mahannavo_1923,,599,Sheth,https://dsal.uchicago.edu/cgi-bin/app/sheth_query.py?qs=%E0%A4%AA%E0%A4%BF%E0%A4%AA%E0%A5%8D%E0%A4%AA%E0%A4%B0%E0%A5%80&searchhws=yes,,,,yes,,OE; AH; WK,
7,yes,en,pepper,,,,,,,,Sanskrit,पिप्पलि ,pippali,पिप्पली,pippalī,,,long pepper \textit{Piper longum} (plant and berry); a berry,long pepper \textit{Piper longum} (plant and berry); a berry,,,,,,,,,,,,,,,,,626,monier-williams_sanskrit-english_1899,https://www.sanskrit-lexicon.uni-koeln.de/scans/csl-apidev/servepdf.php?dict=MW&page=628,626,Monier-Williams,https://www.sanskrit-lexicon.uni-koeln.de/scans/csl-apidev/servepdf.php?dict=MW&page=628,,,,yes,,EE; OE; MW; AH; WK,
,,,,,,,,,,,,,,,,,,,,,,,,,,,,,,,,,,,,,,,,,,,,,,,,
1,yes,ar,fulful,black,a1,,,,,,Arabic,فلفل,"filfil, fulful",,,,,pepper,pepper,,,,,,,,yes,,,,,,,,,2434,lane_arabic-english_1863,,,HW,http://ejtaal.net/aa/#hw4=864,,sq,http://arabiclexicon.hawramani.com/?p=121371#ee739c,yes,,,
2,yes,ar,fulful,,,,,,,,Persian,پلپل,pilpil,,,,,id.,id.,,,,"Old Armenian \hy{պղպեղ} \textit{płpeł}, Old Georgian \ka{პილპილი} \textit{ṗilṗili}",,,,yes,yes,,,,,,,,,,,,,,,,,yes,,,
3,yes,ar,fulful,,,,,,yes,,Middle Indo-Aryan*,,,,,,,long pepper,long pepper,,,,,,,,yes,yes,,,,,,,,,,,,,,,,,yes,,,
4,yes,ar,fulful,,,,,,,,Sanskrit,पिप्पलि ,pippali,पिप्पली,pippalī,,,long pepper \textit{Piper longum} (plant and berry); a berry,long pepper \textit{Piper longum} (plant and berry); a berry,,,,,,,,,yes,,,,,,,,,sq,http://arabiclexicon.hawramani.com/?p=121371#ee739c,,,,,,,yes,,,
,,,,,,,,,,,,,,,,,,,,,,,,,,,,,,,,,,,,,,,,,,,,,,,,
1,yes,zh,hujiao,black,z1,,,,,,Mandarin Chinese,胡椒,hú​jiāo,,,,barbarian-pepper,black pepper,black pepper,"from 胡 \textit{hú​} `Western barbarians, steppe nomads' + 椒 \textit{jiāo} `pepper, spice'","\textit{jiāo} was the prototype spice in China, originally referring to the local ``Sichuan pepper'' which is now called 花椒 \textit{huājiāo} [flower-pepper]",,,,,,,,[Northern and Southern] 420-445,5,,,,Hou Han Shu,,,schuessler_abc_2007,,,WOLD,https://wold.clld.org/word/77161647843099036,,,,yes,,,
,,,,,,,,,,,,,,,,,,,,,,,,,,,,,,,,,,,,,,,,,,,,,,,,
1,no,hu,bors,black,h1,,,,,,Hungarian,,bors,,,,pepper,(black) pepper,(black) pepper,,,,,,,"bors [1075 tn., 1395 k.] Jövevényszó egy török nyelvből a honfoglalás előtti időből, vö. oszmán-török nyelvjárási burç, csuvas pçrçs: ’bors’. A török szavak iráni eredetűek, vö. szogd marč, pamíri märč: ’ugyanaz’. A szóvégi dezaffrikáció más török eredetű szavunkban is megfigyelhető, vö. kos, kőris. A szó a kereskedelem révén jutott el nyelvünkbe. Származékai a borsos [1333 tn.], borsoz [1540 k. (?), 1779 e.], borsika [1783].",yes,,1075,11,,,,,,,zaicz_etimologiai_2006,,,,,,,,yes,,,
2,no,hu,bors,,,,,,,,Turkic*,,*,,,,,id.,black pepper,,,,Ottoman Turkish \textit{burç}; Chuvash \textit{pərəs},,,,yes,yes,,,,,,,,,zaicz_etimologiai_2006,,,,,,,,yes,,,
3,no,hu,bors,,,,,,,,Iranian*,,*,,,,,id.,black pepper,,,,Sogdian \textit{marč}; Pamiri \textit{märč},,,,yes,yes,,,,,,,,,zaicz_etimologiai_2006,,,,,,,,yes,,,
4,no,hu,bors,,,,,,,,Sanskrit,मरिच,marica,,,,,id.,black pepper,,,,,,,,,yes,,,,,,,,790,monier-williams_sanskrit-english_1899,https://www.sanskrit-lexicon.uni-koeln.de/scans/csl-apidev/servepdf.php?dict=mw&page=0790,790,monier-williams_sanskrit-english_1899,https://www.sanskrit-lexicon.uni-koeln.de/scans/csl-apidev/servepdf.php?dict=mw&page=0790,,,,yes,,,
,,,,,,,,,,,,,,,,,,,,,,,,,,,,,,,,,,,,,,,,,,,,,,,,
1,yes,en,saffron,crimson,e1,,,,,,English,,saffron,,,,,,,,,,,Middle English saf(f)rǒun,,"Etymology: < French safran (12th cent. in Hatzfeld & Darmesteter), whence also Middle Low German safferân, Middle Dutch saffraen (Dutch saffraan), Middle High German saffrân (modern German safran). The ultimate source is Arabic zaʿfarān (adopted unchanged in Turkish, Persian, and Hindi); also Jewish Aramaic zaʿperānā). The Arabic word with prefixed definite article, azzaʿfarān, is represented by Spanish azafran, Portuguese açafrão; the word without this prefix gives rise to Italian zafferano, zaffrone, Provençal safran, safrá, Catalan safrá, French safran, medieval Latin safranum, medieval Greek ζαϕρᾶς, modern Greek σαϕράνι, Russian šafran. The origin of Arabic zaʿfarān is unknown; it is not connected with çafrā' feminine of açfar yellow. The Turkish synonym çafrān (Zenker; given in Redh.-Wells only as an incorrect pronunciation) may however be derived from this adjective, and may be the source of some of the European forms.",yes,,c1200,13,,,,,,saffron,oed,https://www.oed.com/view/Entry/169701,,OE,https://www.etymonline.com/word/saffron,,,,yes,,,
2,yes,en,saffron,,,,,,,,French,,safran,,,,,id.,id.,,,,,"Middle Low German safferân, Middle Dutch saffraen (Dutch saffraan), Middle High German saffrân (modern German safran)",,,yes,yes,c. 1150,12,,,,,,saf(f)rǒun,med,https://quod.lib.umich.edu/m/middle-english-dictionary/dictionary/MED38255/,,MED,https://quod.lib.umich.edu/m/middle-english-dictionary/dictionary/MED38255/,,tlfi,https://www.cnrtl.fr/etymologie/safran,yes,,,
3,yes,en,saffron,,,,,,,,Medieval Latin,,saffrānum,,,,,id.,id.,,,,,,,Anglo-Latin,yes,yes,,,,,,,,safran,tlfi,https://www.cnrtl.fr/etymologie/safran,,MED,https://quod.lib.umich.edu/m/middle-english-dictionary/dictionary/MED38255/,,,,yes,,,
4,yes,en,saffron,,,,,,,,Arabic,زعفران,zaʿfarān,,,,,id.,id.,,not connected with \textit{ṣafrā'} feminine of \textit{aṣfar} `yellow',,,"Turkish, Persian, and Hindi; Jewish Aramaic zaʿperānā; Spanish azafran, Portuguese açafrão; the word without this prefix gives rise to Italian zafferano, zaffrone, Provençal safran, safrá, Catalan safrá, French safran, medieval Latin safranum, medieval Greek ζαϕρᾶς, modern Greek σαϕράνι, Russian šafran. ",,"The Turkish synonym çafrān (Zenker; given in Redh.-Wells only as an incorrect pronunciation) may however be derived from this adjective, and may be the source of some of the European forms.",yes,yes,,7,,,,,,,wehr_dictionary_1976,"http://ejtaal.net/aa/#hw4=451,ll=1274,ls=5,la=1833,sg=475,ha=301,br=423,pr=70,aan=243,mgf=391,vi=178,kz=1000,mr=289,mn=570,uqw=709,umr=459,ums=388,umj=333,ulq=860,uqa=173,uqq=137,bdw=h388,amr=h280,asb=h413,auh=h692,dhq=h232,mht=h377,msb=h103,tla=h55,amj=h320,ens=h1,mis=h1",,Hans-Wehr,"http://ejtaal.net/aa/#hw4=451,ll=1274,ls=5,la=1833,sg=475,ha=301,br=423,pr=70,aan=243,mgf=391,vi=178,kz=1000,mr=289,mn=570,uqw=709,umr=459,ums=388,umj=333,ulq=860,uqa=173,uqq=137,bdw=h388,amr=h280,asb=h413,auh=h692,dhq=h232,mht=h377,msb=h103,tla=h55,amj=h320,ens=h1,mis=h1",,,,yes,,,
,,,,,,,,,,,,,,,,,,,,,,,,,,,,,,,,,,,,,,,,,,,,,,,,
1,yes,ar,zafaran,crimson,a1,,,,,,Arabic,زعفران,zaʿfarān,,,,,id.,saffron,,not connected with ṣafrā' feminine of aṣfar yellow,,,"Turkish, Persian, and Hindi; Jewish Aramaic zaʿperānā; Spanish azafran, Portuguese açafrão; the word without this prefix gives rise to Italian zafferano, zaffrone, Provençal safran, safrá, Catalan safrá, French safran, medieval Latin safranum, medieval Greek ζαϕρᾶς, modern Greek σαϕράνι, Russian šafran. ",,"The Turkish synonym çafrān (Zenker; given in Redh.-Wells only as an incorrect pronunciation) may however be derived from this adjective, and may be the source of some of the European forms.",yes,yes,,7,,,,,,,wehr_dictionary_1976,"http://ejtaal.net/aa/#hw4=451,ll=1274,ls=5,la=1833,sg=475,ha=301,br=423,pr=70,aan=243,mgf=391,vi=178,kz=1000,mr=289,mn=570,uqw=709,umr=459,ums=388,umj=333,ulq=860,uqa=173,uqq=137,bdw=h388,amr=h280,asb=h413,auh=h692,dhq=h232,mht=h377,msb=h103,tla=h55,amj=h320,ens=h1,mis=h1",,Hans-Wehr,"http://ejtaal.net/aa/#hw4=451,ll=1274,ls=5,la=1833,sg=475,ha=301,br=423,pr=70,aan=243,mgf=391,vi=178,kz=1000,mr=289,mn=570,uqw=709,umr=459,ums=388,umj=333,ulq=860,uqa=173,uqq=137,bdw=h388,amr=h280,asb=h413,auh=h692,dhq=h232,mht=h377,msb=h103,tla=h55,amj=h320,ens=h1,mis=h1",,,,yes,,,
2,yes,ar,zafaran,,,,,,yes,,Pahlavi,,zarparān,,,,golden thread,id.,saffron,"\textit{zar} `gold' + \textit{par} `feather' + \textit{-ān} `pl.', a pseudo-etymological explanation",,,,,,,,yes,,,,,,,,,"[]{asbaghi_persische_1988}[65, 98]{mackenzie_concise_1986}[safran]{ns}",,,Nişanyan Sözlük,https://www.nisanyansozluk.com/kelime/safran,,"MacKenzie, 1986:65, 98",,yes,,,
3,yes,ar,zafaran,,,,,,yes,,Akkadian,\cu{𒌑𒄯𒊕},"azupīru, azupīrānu",,,,,a spice and medicinal plant,a spice and medicinal plant,,unlikely etymon,,,,,Sumerian? https://en.wikipedia.org/wiki/Azupiranu,,,,,,,,,,,"[33]{black_concise_2000}[vol. 2, 530-531]{roth_assyrian_2004}",,,CAD A2:530-531,https://oi.uchicago.edu/research/publications/assyrian-dictionary-oriental-institute-university-chicago-cad,,,,yes,,,
,,,,,,,,,,,,,,,,,,,,,,,,,,,,,,,,,,,,,,,,,,,,,,,,
1,yes,zh,fanhonghua,crimson,z1,,,,,,Mandarin Chinese,番紅花,fānhónghuā,,,,foreign-red-flower,saffron,saffron,"reached China from way of Kashmir and Tibet, hence the synonyms 藏紅花 \textit{zànghónghuā} [Tibetan-red-flower], 西紅花 \textit{xīhónghuā} [western-red-flower]",,,,,,,,,,,,,,,,,kleeman_oxford_2010,,,,,,,,yes,,,
,,,,,,,,,,,,,,,,,,,,,,,,,,,,,,,,,,,,,,,,,,,,,,,,
1,yes,en,Sichuan pepper,seagreen,e1,,,,,,English,,Sichuan pepper,,,,,,,,,,,,,,,,,,,,,,,,,,,,,,,,,,,
,,,,,,,,,,,,,,,,,,,,,,,,,,,,,,,,,,,,,,,,,,,,,,,,
1,yes,en,fagara,seagreen,e2,,,,,,English,,fagara,,,,,,,,,,,,,,,,,,,,,,,,,,,,,,,,,,,
2,yes,en,fagara,,,,,,,,Medieval Latin,,fagara,,,,,Sichuan pepper?; cubeb?,Sichuan pepper?; cubeb?,translingual word from scientific Latin; coined by European botanists reading Avicenna (cf. da Orta),,,,,,,,,,16,,,,,,,,,,,,,,,,,,
3,yes,en,fagara,,,,,,,,Arabic,فاغرة,fāghira,,,,,,,,,,,,,,,,,,,,,,,,,,,,,,,,,,,
4,yes,en,fagara,,,,,,yes,,Persian,,fākhira,,,,,,,,,,,,,,,,,,,,,,,,,,,,,,,,,,,
,,,,,,,,,,,,,,,,,,,,,,,,,,,,,,,,,,,,,,,,,,,,,,,,
1,yes,ar,fulful sitshuwan,seagreen,a1,,,,,,Arabic,فلفل سيتشوان,fulful sītshuwān,,,,,,Sichuan pepper,,,,,,,,,,,,,,,,,,,,,,,,,,,,,
,,,,,,,,,,,,,,,,,,,,,,,,,,,,,,,,,,,,,,,,,,,,,,,,
1,yes,zh,huajiao,seagreen,z1,,,,,,Mandarin Chinese,花椒,huā​jiāo,,,,flower-pepper,,Sichuan pepper,,,,,,,,,,,,,,,,,,,,,,,,,,,,,
,,,,,,,,,,,,,,,,,,,,,,,,,,,,,,,,,,,,,,,,,,,,,,,,
1,yes,en,star anise,teal,e1,,,,,,English,,star anise,,,,,,star anise,,,,,,,,,,,,,,,,,,,,,,,,,,,,,
,,,,,,,,,,,,,,,,,,,,,,,,,,,,,,,,,,,,,,,,,,,,,,,,
1,yes,ar,yansun najmi,teal,a1,,,,,,Arabic,ينسون نجمي,yansūn najmī,,,,,,star anise,,,,,,,,,,,,,,,,,,,,,,,,,,,,,
,,,,,,,,,,,,,,,,,,,,,,,,,,,,,,,,,,,,,,,,,,,,,,,,
1,yes,zh,bajiaohuixiang,teal,z1,,,,,,Mandarin Chinese,八角茴香,bājiǎohuíxiāng,,,,,,star anise,,,,,,,,,,,,,,,,,,,,,,,,,,,,,
,,,,,,,,,,,,,,,,,,,,,,,,,,,,,,,,,,,,,,,,,,,,,,,,
1,yes,en,badian,teal,e2,,,,,,English,,badian,,,,,star anise,star anise,,,,,,,,,,1693,17,,,,,,,oed,https://www.oed.com/view/Entry/14568,,,,,,,,,,
2,yes,en,badian,,,,,,,,French,,badiane,,,,,star anise,star anise,,,,,,,,,,1681,17,,,,,,,tlfi,https://www.cnrtl.fr/etymologie/badiane,,,,,,,,,,
3,yes,en,badian,,,,,,,,Persian,بادیان,bādyān,,,,,fennel; anise,fennel; anise,,,,,,,,,,,,,,,,,,[140]{steingass_comprehensive_1892}[197]{hayyim_new_1934},https://dsal.uchicago.edu/cgi-bin/app/steingass_query.py?qs=%D8%A8%D8%A7%D8%AF%DB%8C%D8%A7%D9%86&matchtype=default,,,https://dsal.uchicago.edu/cgi-bin/app/steingass_query.py?qs=%D8%A8%D8%A7%D8%AF%DB%8C%D8%A7%D9%86&matchtype=default,,,https://dsal.uchicago.edu/cgi-bin/app/hayyim_query.py?qs=%D8%A8%D8%A7%D8%AF%DB%8C%D8%A7%D9%86&matchtype=default,,,,
5,yes,en,badian,,,yes,,yes,yes,,Mandarin Chinese,八角,bājiǎo,,,,eight-horns,star anise,star anise,"unlikely, undocumented",,,,,,,,,,,,,,,,,,,,,,,,,,,,
,,,,,,,,,,,,,,,,,,,,,,,,,,,,,,,,,,,,,,,,,,,,,,,,
1,yes,en,turmeric,darkorange,e1,,,,,,English,,turmeric,,,,,,turmeric,,,Middle English \textit{turmeryte },,,,,,,,,,,,,,,,,,OE,https://www.etymonline.com/word/turmeric,,,,,,,
2,yes,en,turmeric,,,,,,,,French,,terre mérite,,,,,id.,turmeric,,,,,,,,,,,,,,,,,,,,,,,,,,,,,
3,yes,en,turmeric,,,,,,,,Medieval Latin,,terra merita,,,,,id.,turmeric,,,,,,,,,,,,,,,,,,,,,,,,,,,,,
,,,,,,,,,,,,,,,,,,,,,,,,,,,,,,,,,,,,,,,,,,,,,,,,
1,yes,ar,kurkum,darkorange,a1,,,,,,Arabic,كركم,kurkum,,,,,,turmeric,,,,,,,,,,,,,,,,,,,,,,,,,,,,,
2,yes,ar,kurkum,,,,,,yes,,Sanskrit,,,,,,,,,,,,,,,,,,,,,,,,,,,,,,,,,,,,,
,,,,,,,,,,,,,,,,,,,,,,,,,,,,,,,,,,,,,,,,,,,,,,,,
1,yes,zh,jianghuang,darkorange,z1,,,,,,Mandarin Chinese,薑黃,jiānghuáng,,,,,,turmeric,,,,,,,,,,,,,,,,,,,,,,,,,,,,,
,,,,,,,,,,,,,,,,,,,,,,,,,,,,,,,,,,,,,,,,,,,,,,,,
1,yes,en,vanilla,pink,e1,,,,,,English,,vanilla ,,vaynilla,,,,,,,,,,,,yes,,1662,17,,,,,,vanilla,oed,https://www.oed.com/view/Entry/221377,,Etymonline,https://www.etymonline.com/word/vanilla,,,,yes,,,
2,yes,en,vanilla,,,,,,,,Spanish,,vainilla,,vaynilla,,"little sheath, little pod",id.,id.,"from \textit{vaina/vaína} `scabbard, sheath; pod, husk' + \textit{-illa} diminutive suffix",,,,,,,,yes,1555,16,,,,,,,[538]{gomez_de_silva_elseviers_1985}[596]{corominas_breve_1987},,,Collins,https://www.collinsdictionary.com/dictionary/spanish-english/vainilla,,"Gómez de Silva, 1985 p. 538",https://www.collinsdictionary.com/dictionary/spanish-english/vaina,yes,,,
4,yes,en,vanilla,,,,,,,,Latin,,vāgīna,,,,,"scabbard, sheath; covering, holder of anything","scabbard, sheath; covering, holder of anything","esp. husks that enclose an ear of grain; also by anatomical figurative sense, origin of vagina",,,,,,,,,,,,,,,,vāgīna,lewis_latin_1879,,,Lewis & Short,http://www.perseus.tufts.edu/hopper/text?doc=Perseus%3Atext%3A1999.04.0059%3Aentry%3Dvagina,,,,yes,,,
,,,,,,,,,,,,,,,,,,,,,,,,,,,,,,,,,,,,,,,,,,,,,,,,
1,yes,ar,faniliya,pink,a1,,,,,,Arabic,"فانيليا، فانيلا","fānīliyā, fānīllā",,,,,vanilla,vanilla,,"no /v/ sound in arabic, rendered with /f/ or /w/",,,,,also \textit{wanīliyya},yes,,,?,,,,,,814,baalbaki_-mawrid_1995,,,,,,,,yes,,,
2,yes,ar,faniliya,,,,,,yes,,French,,vanilia,,,,,id.,vanilla,,,,,,,,,,,,,,,,,,,,,,,,,,,,,
,,,,,,,,,,,,,,,,,,,,,,,,,,,,,,,,,,,,,,,,,,,,,,,,
1,yes,zh,xiangcao,pink,z1,,,,,,Mandarin Chinese,香草,xiāngcǎo,,,,fragrant-grass,vanilla,vanilla,,also Cantonese 雲呢拿 \textit{wan4 nei1 laa4-2},,,,,,,,,?,,,,,,,mdbg,,,kleeman_oxford_2010,,,,,yes,,,
